Year,Amount_Lost_INR,City,Category,Cyber Bullying,Data Breach,Hacking,Identity Theft,Malware,Online Fraud,Others,Phishing,Ransomware,prev_Cyber Bullying,prev_Data Breach,prev_Hacking,prev_Identity Theft,prev_Malware,prev_Online Fraud,prev_Others,prev_Phishing,prev_Ransomware
2024,125170,Chennai,Social Media,0,0,0,0,0,1,0,0,0,11,21,22,16,30,28,8,19,40
2024,488689,Ahmedabad,Government,0,0,0,0,0,0,0,0,1,11,21,22,16,30,27,8,19,40
2024,320200,Ahmedabad,Corporate,0,0,0,0,0,0,0,1,0,11,21,22,16,30,27,8,19,39
2024,405777,Hyderabad,Government,0,0,0,0,1,0,0,0,0,11,21,22,16,30,27,8,18,39
2024,251497,Delhi,E-commerce,0,0,0,0,0,0,0,0,1,11,21,22,16,29,27,8,18,39
2024,204218,Mumbai,Social Media,0,0,1,0,0,0,0,0,0,11,21,22,16,29,27,8,18,38
2024,349413,Mumbai,Social Media,0,0,0,0,0,0,0,0,1,11,21,21,16,29,27,8,18,38
2024,392099,Kolkata,Corporate,0,0,0,0,0,0,0,1,0,11,21,21,16,29,27,8,18,37
2024,237513,Delhi,Health,0,0,0,0,1,0,0,0,0,11,21,21,16,29,27,8,17,37
2024,442460,Pune,Financial,0,0,0,1,0,0,0,0,0,11,21,21,16,28,27,8,17,37
2024,24429,Jaipur,Educational,0,0,1,0,0,0,0,0,0,11,21,21,15,28,27,8,17,37
2024,309037,Pune,E-commerce,0,0,0,0,0,0,0,0,1,11,21,20,15,28,27,8,17,37
2024,115099,Jaipur,Social Media,0,0,0,0,1,0,0,0,0,11,21,20,15,28,27,8,17,36
2024,163624,Lucknow,Health,0,0,0,0,0,0,0,1,0,11,21,20,15,27,27,8,17,36
2024,6901,Lucknow,Social Media,0,0,0,0,1,0,0,0,0,11,21,20,15,27,27,8,16,36
2024,30984,Kolkata,Corporate,0,0,0,1,0,0,0,0,0,11,21,20,15,26,27,8,16,36
2024,230027,Mumbai,Financial,0,0,0,0,0,0,0,0,1,11,21,20,14,26,27,8,16,36
2024,180436,Jaipur,Personal,0,1,0,0,0,0,0,0,0,11,21,20,14,26,27,8,16,35
2024,443111,Hyderabad,Personal,0,0,0,0,0,0,0,0,1,11,20,20,14,26,27,8,16,35
2024,269865,Ahmedabad,Health,0,0,0,1,0,0,0,0,0,11,20,20,14,26,27,8,16,34
2024,489371,Hyderabad,E-commerce,0,0,0,0,0,1,0,0,0,11,20,20,13,26,27,8,16,34
2024,488247,Delhi,Financial,0,0,0,0,1,0,0,0,0,11,20,20,13,26,26,8,16,34
2024,203332,Mumbai,Financial,0,0,1,0,0,0,0,0,0,11,20,20,13,25,26,8,16,34
2024,400492,Pune,Government,0,0,0,0,0,1,0,0,0,11,20,19,13,25,26,8,16,34
2024,257677,Pune,Educational,1,0,0,0,0,0,0,0,0,11,20,19,13,25,25,8,16,34
2024,498415,Chennai,Social Media,0,0,1,0,0,0,0,0,0,10,20,19,13,25,25,8,16,34
2024,417715,Bangalore,Health,0,0,0,0,0,0,0,0,1,10,20,18,13,25,25,8,16,34
2024,62929,Chennai,Social Media,0,0,0,0,1,0,0,0,0,10,20,18,13,25,25,8,16,33
2024,217184,Lucknow,E-commerce,1,0,0,0,0,0,0,0,0,10,20,18,13,24,25,8,16,33
2024,197049,Hyderabad,Financial,0,0,0,0,1,0,0,0,0,9,20,18,13,24,25,8,16,33
2024,183958,Jaipur,Educational,0,0,1,0,0,0,0,0,0,9,20,18,13,23,25,8,16,33
2024,347560,Delhi,Government,0,0,0,0,0,0,0,1,0,9,20,17,13,23,25,8,16,33
2024,348022,Chennai,E-commerce,0,0,0,0,1,0,0,0,0,9,20,17,13,23,25,8,15,33
2024,138478,Chennai,Government,0,0,1,0,0,0,0,0,0,9,20,17,13,22,25,8,15,33
2024,342815,Kolkata,Financial,0,0,0,0,0,0,0,0,1,9,20,16,13,22,25,8,15,33
2024,188604,Hyderabad,Government,0,1,0,0,0,0,0,0,0,9,20,16,13,22,25,8,15,32
2024,142398,Delhi,E-commerce,1,0,0,0,0,0,0,0,0,9,19,16,13,22,25,8,15,32
2024,420961,Mumbai,Corporate,0,0,0,0,0,1,0,0,0,8,19,16,13,22,25,8,15,32
2024,386773,Kolkata,Financial,0,0,1,0,0,0,0,0,0,8,19,16,13,22,24,8,15,32
2024,265500,Hyderabad,E-commerce,0,0,1,0,0,0,0,0,0,8,19,15,13,22,24,8,15,32
2024,71326,Mumbai,Financial,1,0,0,0,0,0,0,0,0,8,19,14,13,22,24,8,15,32
2024,469933,Delhi,Educational,0,1,0,0,0,0,0,0,0,7,19,14,13,22,24,8,15,32
2024,257553,Pune,Corporate,0,0,1,0,0,0,0,0,0,7,18,14,13,22,24,8,15,32
2024,266064,Delhi,Educational,0,0,1,0,0,0,0,0,0,7,18,13,13,22,24,8,15,32
2024,284367,Lucknow,Social Media,0,0,0,0,1,0,0,0,0,7,18,12,13,22,24,8,15,32
2024,353025,Bangalore,E-commerce,0,0,1,0,0,0,0,0,0,7,18,12,13,21,24,8,15,32
2024,226314,Lucknow,Government,0,0,0,1,0,0,0,0,0,7,18,11,13,21,24,8,15,32
2024,279453,Chennai,Social Media,0,0,0,0,0,0,0,0,1,7,18,11,12,21,24,8,15,32
2024,101689,Bangalore,Personal,1,0,0,0,0,0,0,0,0,7,18,11,12,21,24,8,15,31
2024,60321,Mumbai,Government,0,1,0,0,0,0,0,0,0,6,18,11,12,21,24,8,15,31
2024,442124,Hyderabad,Health,0,0,0,0,1,0,0,0,0,6,17,11,12,21,24,8,15,31
2024,386423,Kolkata,Educational,0,0,0,1,0,0,0,0,0,6,17,11,12,20,24,8,15,31
2024,107297,Mumbai,Government,0,0,0,1,0,0,0,0,0,6,17,11,11,20,24,8,15,31
2024,7548,Delhi,Health,0,0,0,0,1,0,0,0,0,6,17,11,10,20,24,8,15,31
2024,362403,Bangalore,Educational,0,0,0,0,1,0,0,0,0,6,17,11,10,19,24,8,15,31
2024,194718,Kolkata,Social Media,0,0,0,1,0,0,0,0,0,6,17,11,10,18,24,8,15,31
2024,498660,Chennai,Social Media,0,0,0,0,0,1,0,0,0,6,17,11,9,18,24,8,15,31
2024,100853,Mumbai,Educational,0,0,0,0,1,0,0,0,0,6,17,11,9,18,23,8,15,31
2024,290749,Chennai,Corporate,0,0,0,0,1,0,0,0,0,6,17,11,9,17,23,8,15,31
2024,471755,Chennai,Financial,0,0,0,1,0,0,0,0,0,6,17,11,9,16,23,8,15,31
2024,409638,Delhi,Corporate,0,1,0,0,0,0,0,0,0,6,17,11,8,16,23,8,15,31
2024,320153,Ahmedabad,Personal,0,0,0,0,0,0,0,1,0,6,16,11,8,16,23,8,15,31
2024,387821,Kolkata,Personal,0,1,0,0,0,0,0,0,0,6,16,11,8,16,23,8,14,31
2024,461134,Kolkata,Corporate,0,0,0,0,0,0,0,0,1,6,15,11,8,16,23,8,14,31
2024,55823,Hyderabad,Personal,0,0,0,0,0,0,0,1,0,6,15,11,8,16,23,8,14,30
2024,177313,Mumbai,Educational,0,0,0,0,1,0,0,0,0,6,15,11,8,16,23,8,13,30
2024,125481,Jaipur,Educational,0,0,0,0,0,0,0,1,0,6,15,11,8,15,23,8,13,30
2024,10715,Hyderabad,E-commerce,0,0,0,0,0,1,0,0,0,6,15,11,8,15,23,8,12,30
2024,101734,Delhi,Corporate,0,0,0,0,0,0,0,0,1,6,15,11,8,15,22,8,12,30
2024,236128,Lucknow,E-commerce,0,0,1,0,0,0,0,0,0,6,15,11,8,15,22,8,12,29
2024,111169,Ahmedabad,Corporate,0,1,0,0,0,0,0,0,0,6,15,10,8,15,22,8,12,29
2024,37059,Bangalore,Educational,0,0,0,0,0,0,0,0,1,6,14,10,8,15,22,8,12,29
2024,411303,Pune,Social Media,0,0,0,0,0,0,0,0,1,6,14,10,8,15,22,8,12,28
2024,375562,Lucknow,Government,0,0,0,0,0,0,0,1,0,6,14,10,8,15,22,8,12,27
2024,18727,Kolkata,Educational,0,0,0,0,0,0,0,0,1,6,14,10,8,15,22,8,11,27
2024,219200,Mumbai,Financial,0,0,0,0,0,1,0,0,0,6,14,10,8,15,22,8,11,26
2024,112279,Delhi,Health,0,0,0,0,1,0,0,0,0,6,14,10,8,15,21,8,11,26
2024,17014,Pune,E-commerce,1,0,0,0,0,0,0,0,0,6,14,10,8,14,21,8,11,26
2024,68203,Delhi,Corporate,0,0,0,0,0,0,0,0,1,5,14,10,8,14,21,8,11,26
2024,459181,Lucknow,Health,0,0,0,0,0,0,0,0,1,5,14,10,8,14,21,8,11,25
2024,18772,Lucknow,Personal,0,0,0,0,0,0,0,0,1,5,14,10,8,14,21,8,11,24
2024,352064,Jaipur,Health,0,0,0,0,0,1,0,0,0,5,14,10,8,14,21,8,11,23
2024,28723,Jaipur,Social Media,0,1,0,0,0,0,0,0,0,5,14,10,8,14,20,8,11,23
2024,203903,Jaipur,Personal,1,0,0,0,0,0,0,0,0,5,13,10,8,14,20,8,11,23
2024,82929,Mumbai,Personal,0,0,0,0,0,1,0,0,0,4,13,10,8,14,20,8,11,23
2024,282652,Bangalore,Corporate,0,0,0,0,0,0,0,0,1,4,13,10,8,14,19,8,11,23
2024,215432,Pune,Health,0,0,1,0,0,0,0,0,0,4,13,10,8,14,19,8,11,22
2024,140999,Ahmedabad,Government,0,0,0,0,0,0,0,0,1,4,13,9,8,14,19,8,11,22
2024,237386,Jaipur,Government,0,0,0,0,0,1,0,0,0,4,13,9,8,14,19,8,11,21
2024,197501,Jaipur,Financial,0,0,0,0,1,0,0,0,0,4,13,9,8,14,18,8,11,21
2024,23612,Pune,Educational,0,0,0,0,0,0,0,1,0,4,13,9,8,13,18,8,11,21
2024,167703,Pune,Government,0,0,1,0,0,0,0,0,0,4,13,9,8,13,18,8,10,21
2024,196804,Bangalore,Personal,0,1,0,0,0,0,0,0,0,4,13,8,8,13,18,8,10,21
2024,264321,Jaipur,Educational,0,1,0,0,0,0,0,0,0,4,12,8,8,13,18,8,10,21
2024,136832,Kolkata,Corporate,0,0,0,0,1,0,0,0,0,4,11,8,8,13,18,8,10,21
2024,180785,Hyderabad,Personal,0,0,0,0,0,1,0,0,0,4,11,8,8,12,18,8,10,21
2024,336914,Pune,Health,0,0,0,0,0,0,0,0,1,4,11,8,8,12,17,8,10,21
2024,485271,Pune,Government,0,1,0,0,0,0,0,0,0,4,11,8,8,12,17,8,10,20
2024,159059,Delhi,Corporate,0,0,0,1,0,0,0,0,0,4,10,8,8,12,17,8,10,20
2024,458373,Lucknow,Corporate,0,0,0,0,1,0,0,0,0,4,10,8,7,12,17,8,10,20
2024,318898,Lucknow,Educational,0,1,0,0,0,0,0,0,0,4,10,8,7,11,17,8,10,20
2024,445717,Bangalore,Educational,0,0,0,0,0,0,0,0,1,4,9,8,7,11,17,8,10,20
2024,77559,Hyderabad,Government,0,0,0,1,0,0,0,0,0,4,9,8,7,11,17,8,10,19
2024,351877,Bangalore,Health,0,0,0,0,0,1,0,0,0,4,9,8,6,11,17,8,10,19
2024,414553,Jaipur,Health,0,0,0,0,0,0,0,0,1,4,9,8,6,11,16,8,10,19
2024,344681,Chennai,Health,0,0,0,0,0,0,0,0,1,4,9,8,6,11,16,8,10,18
2024,198576,Mumbai,Health,0,0,0,0,1,0,0,0,0,4,9,8,6,11,16,8,10,17
2024,179686,Chennai,Financial,0,0,0,0,0,0,0,1,0,4,9,8,6,10,16,8,10,17
2024,223500,Kolkata,Health,1,0,0,0,0,0,0,0,0,4,9,8,6,10,16,8,9,17
2024,354299,Kolkata,Financial,0,0,1,0,0,0,0,0,0,3,9,8,6,10,16,8,9,17
2024,475112,Mumbai,Social Media,0,1,0,0,0,0,0,0,0,3,9,7,6,10,16,8,9,17
2024,361596,Lucknow,Educational,0,0,0,1,0,0,0,0,0,3,8,7,6,10,16,8,9,17
2024,160476,Ahmedabad,Personal,0,0,1,0,0,0,0,0,0,3,8,7,5,10,16,8,9,17
2024,152175,Lucknow,Government,0,0,0,0,0,0,0,0,1,3,8,6,5,10,16,8,9,17
2024,246546,Ahmedabad,Health,0,0,0,0,0,1,0,0,0,3,8,6,5,10,16,8,9,16
2024,127945,Lucknow,Corporate,0,0,0,0,0,0,0,0,1,3,8,6,5,10,15,8,9,16
2024,352537,Bangalore,E-commerce,0,0,0,0,1,0,0,0,0,3,8,6,5,10,15,8,9,15
2024,231008,Mumbai,E-commerce,0,0,0,0,0,1,0,0,0,3,8,6,5,9,15,8,9,15
2024,292126,Bangalore,Educational,0,0,0,0,0,0,0,0,1,3,8,6,5,9,14,8,9,15
2024,424875,Jaipur,E-commerce,0,0,0,0,0,1,0,0,0,3,8,6,5,9,14,8,9,14
2024,331929,Kolkata,Financial,0,0,1,0,0,0,0,0,0,3,8,6,5,9,13,8,9,14
2024,257353,Hyderabad,Financial,0,0,0,0,0,0,0,0,1,3,8,5,5,9,13,8,9,14
2024,398686,Delhi,Personal,0,0,1,0,0,0,0,0,0,3,8,5,5,9,13,8,9,13
2024,124008,Jaipur,Educational,1,0,0,0,0,0,0,0,0,3,8,4,5,9,13,8,9,13
2024,75069,Bangalore,Corporate,0,0,0,1,0,0,0,0,0,2,8,4,5,9,13,8,9,13
2024,106823,Pune,Financial,0,0,0,0,0,1,0,0,0,2,8,4,4,9,13,8,9,13
2024,308257,Kolkata,Corporate,0,0,0,0,0,0,0,1,0,2,8,4,4,9,12,8,9,13
2024,408700,Jaipur,Educational,0,0,0,0,0,0,0,1,0,2,8,4,4,9,12,8,8,13
2024,126354,Hyderabad,Educational,0,0,0,0,1,0,0,0,0,2,8,4,4,9,12,8,7,13
2024,378539,Lucknow,Financial,0,1,0,0,0,0,0,0,0,2,8,4,4,8,12,8,7,13
2024,32367,Pune,Educational,1,0,0,0,0,0,0,0,0,2,7,4,4,8,12,8,7,13
2024,113356,Mumbai,Social Media,0,1,0,0,0,0,0,0,0,1,7,4,4,8,12,8,7,13
2024,485518,Lucknow,Financial,0,0,0,1,0,0,0,0,0,1,6,4,4,8,12,8,7,13
2024,317205,Bangalore,Financial,0,0,1,0,0,0,0,0,0,1,6,4,3,8,12,8,7,13
2024,450662,Kolkata,Corporate,0,0,1,0,0,0,0,0,0,1,6,3,3,8,12,8,7,13
2024,373863,Mumbai,Social Media,0,1,0,0,0,0,0,0,0,1,6,2,3,8,12,8,7,13
2024,52195,Lucknow,Financial,1,0,0,0,0,0,0,0,0,1,5,2,3,8,12,8,7,13
2024,97347,Delhi,Personal,0,1,0,0,0,0,0,0,0,0,5,2,3,8,12,8,7,13
2024,272674,Chennai,Social Media,0,0,0,0,0,0,1,0,0,0,4,2,3,8,12,8,7,13
2024,107103,Chennai,Social Media,0,0,0,0,0,0,0,1,0,0,4,2,3,8,12,7,7,13
2024,110752,Chennai,Social Media,0,0,0,0,0,0,1,0,0,0,4,2,3,8,12,7,6,13
2024,264191,Chennai,Social Media,0,0,0,0,0,0,0,0,1,0,4,2,3,8,12,6,6,13
2024,120543,Chennai,Social Media,0,0,0,0,0,1,0,0,0,0,4,2,3,8,12,6,6,12
2024,35127,Chennai,Social Media,0,0,0,0,0,1,0,0,0,0,4,2,3,8,11,6,6,12
2024,70298,Ahmedabad,Government,0,0,0,0,1,0,0,0,0,0,4,2,3,8,10,6,6,12
2024,309311,Ahmedabad,Financial,0,0,0,0,0,1,0,0,0,0,4,2,3,7,10,6,6,12
2024,207376,Mumbai,Educational,0,0,0,1,0,0,0,0,0,0,4,2,3,7,9,6,6,12
2024,388960,Bangalore,Social Media,0,0,1,0,0,0,0,0,0,0,4,2,2,7,9,6,6,12
2024,298632,Hyderabad,Health,0,0,0,0,0,0,0,0,1,0,4,1,2,7,9,6,6,12
2024,255225,Delhi,Social Media,0,0,0,0,1,0,0,0,0,0,4,1,2,7,9,6,6,11
2024,337585,Mumbai,Personal,0,0,0,0,0,0,0,1,0,0,4,1,2,6,9,6,6,11
2024,324825,Delhi,Corporate,0,1,0,0,0,0,0,0,0,0,4,1,2,6,9,6,5,11
2024,170533,Chennai,Social Media,0,0,0,0,0,0,0,0,1,0,3,1,2,6,9,6,5,11
2024,275796,Chennai,Social Media,0,0,0,0,0,0,1,0,0,0,3,1,2,6,9,6,5,10
2024,433043,Delhi,Personal,0,0,0,1,0,0,0,0,0,0,3,1,2,6,9,5,5,10
2024,83879,Kolkata,Educational,0,1,0,0,0,0,0,0,0,0,3,1,1,6,9,5,5,10
2024,143071,Chennai,Social Media,0,0,0,0,0,1,0,0,0,0,2,1,1,6,9,5,5,10
2024,53763,Chennai,Social Media,0,0,0,0,0,0,0,0,1,0,2,1,1,6,8,5,5,10
2024,348697,Bangalore,Corporate,0,0,0,0,0,1,0,0,0,0,2,1,1,6,8,5,5,9
2024,184302,Chennai,Social Media,0,0,0,0,0,0,0,1,0,0,2,1,1,6,7,5,5,9
2024,126462,Chennai,Social Media,0,0,0,0,0,0,1,0,0,0,2,1,1,6,7,5,4,9
2024,23906,Chennai,Social Media,0,0,0,0,1,0,0,0,0,0,2,1,1,6,7,4,4,9
2024,98577,Chennai,Social Media,0,0,0,0,0,0,0,0,1,0,2,1,1,5,7,4,4,9
2024,7438,Chennai,Social Media,0,0,0,0,1,0,0,0,0,0,2,1,1,5,7,4,4,8
2024,183080,Chennai,Social Media,0,0,0,0,0,0,0,0,1,0,2,1,1,4,7,4,4,8
2024,258561,Chennai,Social Media,0,0,0,0,0,1,0,0,0,0,2,1,1,4,7,4,4,7
2024,136146,Chennai,Social Media,0,0,0,0,0,0,0,0,1,0,2,1,1,4,6,4,4,7
2024,274110,Chennai,Social Media,0,0,0,0,1,0,0,0,0,0,2,1,1,4,6,4,4,6
2024,159272,Chennai,Social Media,0,0,0,0,1,0,0,0,0,0,2,1,1,3,6,4,4,6
2024,297883,Chennai,Social Media,0,0,0,0,0,0,0,1,0,0,2,1,1,2,6,4,4,6
2024,218455,Chennai,Social Media,0,0,0,0,0,0,1,0,0,0,2,1,1,2,6,4,3,6
2024,271856,Lucknow,Personal,0,0,0,1,0,0,0,0,0,0,2,1,1,2,6,3,3,6
2024,367245,Ahmedabad,Educational,0,1,0,0,0,0,0,0,0,0,2,1,0,2,6,3,3,6
2024,328599,Chennai,Government,0,0,0,0,0,0,0,0,1,0,1,1,0,2,6,3,3,6
2024,106987,Chennai,Social Media,0,0,0,0,0,0,0,0,1,0,1,1,0,2,6,3,3,5
2024,140171,Chennai,Social Media,0,0,0,0,0,0,0,1,0,0,1,1,0,2,6,3,3,4
2024,149969,Chennai,Social Media,0,0,0,0,0,1,0,0,0,0,1,1,0,2,6,3,2,4
2024,187502,Chennai,Social Media,0,0,0,0,1,0,0,0,0,0,1,1,0,2,5,3,2,4
2024,154156,Chennai,Social Media,0,0,0,0,0,0,1,0,0,0,1,1,0,1,5,3,2,4
2024,123413,Delhi,Financial,0,0,1,0,0,0,0,0,0,0,1,1,0,1,5,2,2,4
2024,40975,Chennai,Social Media,0,0,0,0,0,0,0,1,0,0,1,0,0,1,5,2,2,4
2024,110020,Chennai,Social Media,0,0,0,0,0,0,1,0,0,0,1,0,0,1,5,2,1,4
2024,212168,Chennai,Social Media,0,0,0,0,0,0,0,0,1,0,1,0,0,1,5,1,1,4
2024,19339,Chennai,Social Media,0,0,0,0,0,0,0,0,1,0,1,0,0,1,5,1,1,3
2024,149670,Chennai,Social Media,0,0,0,0,0,0,0,0,1,0,1,0,0,1,5,1,1,2
2024,5150,Chennai,Social Media,0,0,0,0,0,1,0,0,0,0,1,0,0,1,5,1,1,1
2024,118832,Kolkata,Financial,0,1,0,0,0,0,0,0,0,0,1,0,0,1,4,1,1,1
2024,246550,Chennai,Social Media,0,0,0,0,0,0,1,0,0,0,0,0,0,1,4,1,1,1
2024,34320,Pune,Corporate,0,0,0,0,0,1,0,0,0,0,0,0,0,1,4,0,1,1
2024,397605,Chennai,Personal,0,0,0,0,0,0,0,1,0,0,0,0,0,1,3,0,1,1
2024,109682,Chennai,Social Media,0,0,0,0,0,1,0,0,0,0,0,0,0,1,3,0,0,1
2024,190355,Chennai,Social Media,0,0,0,0,0,1,0,0,0,0,0,0,0,1,2,0,0,1
2024,146073,Chennai,Social Media,0,0,0,0,0,1,0,0,0,0,0,0,0,1,1,0,0,1
2024,104702,Chennai,Social Media,0,0,0,0,0,0,0,0,1,0,0,0,0,1,0,0,0,1
2024,131907,Chennai,Social Media,0,0,0,0,1,0,0,0,0,0,0,0,0,1,0,0,0,0
2023,269615,Kolkata,E-commerce,1,0,0,0,0,0,0,0,0,30,26,15,17,24,26,10,29,35
2023,206497,Lucknow,Government,0,0,0,0,0,0,0,0,1,29,26,15,17,24,26,10,29,35
2023,57273,Ahmedabad,Corporate,0,0,0,0,1,0,0,0,0,29,26,15,17,24,26,10,29,34
2023,278156,Lucknow,Government,0,0,0,0,1,0,0,0,0,29,26,15,17,23,26,10,29,34
2023,339404,Kolkata,Personal,0,0,0,0,0,1,0,0,0,29,26,15,17,22,26,10,29,34
2023,421814,Pune,Social Media,0,0,0,1,0,0,0,0,0,29,26,15,17,22,25,10,29,34
2023,173395,Kolkata,Personal,1,0,0,0,0,0,0,0,0,29,26,15,16,22,25,10,29,34
2023,197553,Mumbai,Health,1,0,0,0,0,0,0,0,0,28,26,15,16,22,25,10,29,34
2023,141272,Pune,Government,0,1,0,0,0,0,0,0,0,27,26,15,16,22,25,10,29,34
2023,297141,Kolkata,Financial,0,1,0,0,0,0,0,0,0,27,25,15,16,22,25,10,29,34
2023,462792,Bangalore,Corporate,0,0,0,0,0,1,0,0,0,27,24,15,16,22,25,10,29,34
2023,263425,Chennai,Health,0,0,0,0,1,0,0,0,0,27,24,15,16,22,24,10,29,34
2023,232055,Chennai,E-commerce,0,0,0,0,0,0,0,0,1,27,24,15,16,21,24,10,29,34
2023,359796,Mumbai,Health,0,0,0,0,0,0,0,0,1,27,24,15,16,21,24,10,29,33
2023,18633,Pune,Social Media,0,0,0,0,0,0,0,0,1,27,24,15,16,21,24,10,29,32
2023,389590,Delhi,Financial,0,0,0,1,0,0,0,0,0,27,24,15,16,21,24,10,29,31
2023,197733,Bangalore,E-commerce,1,0,0,0,0,0,0,0,0,27,24,15,15,21,24,10,29,31
2023,260931,Jaipur,Educational,1,0,0,0,0,0,0,0,0,26,24,15,15,21,24,10,29,31
2023,46272,Pune,Health,0,0,0,0,0,0,0,1,0,25,24,15,15,21,24,10,29,31
2023,152094,Chennai,Personal,0,0,0,1,0,0,0,0,0,25,24,15,15,21,24,10,28,31
2023,233041,Mumbai,Health,0,0,0,0,0,0,0,0,1,25,24,15,14,21,24,10,28,31
2023,319647,Bangalore,Social Media,0,0,0,0,1,0,0,0,0,25,24,15,14,21,24,10,28,30
2023,308003,Jaipur,Health,1,0,0,0,0,0,0,0,0,25,24,15,14,20,24,10,28,30
2023,46963,Lucknow,Government,0,0,0,0,0,0,1,0,0,24,24,15,14,20,24,10,28,30
2023,84186,Mumbai,Social Media,1,0,0,0,0,0,0,0,0,24,24,15,14,20,24,9,28,30
2023,410379,Kolkata,Health,0,0,0,1,0,0,0,0,0,23,24,15,14,20,24,9,28,30
2023,222427,Chennai,Personal,0,0,0,0,0,1,0,0,0,23,24,15,13,20,24,9,28,30
2023,89827,Lucknow,Government,0,0,0,0,0,0,0,1,0,23,24,15,13,20,23,9,28,30
2023,91517,Mumbai,Corporate,0,0,0,0,1,0,0,0,0,23,24,15,13,20,23,9,27,30
2023,393550,Jaipur,Financial,0,0,0,0,0,0,0,0,1,23,24,15,13,19,23,9,27,30
2023,400657,Ahmedabad,Personal,0,1,0,0,0,0,0,0,0,23,24,15,13,19,23,9,27,29
2023,254334,Kolkata,Personal,0,0,0,0,0,0,0,1,0,23,23,15,13,19,23,9,27,29
2023,278707,Delhi,Health,0,1,0,0,0,0,0,0,0,23,23,15,13,19,23,9,26,29
2023,222097,Kolkata,Personal,0,0,0,0,0,1,0,0,0,23,22,15,13,19,23,9,26,29
2023,179936,Chennai,Corporate,0,0,0,0,0,1,0,0,0,23,22,15,13,19,22,9,26,29
2023,293826,Delhi,Educational,0,0,0,0,0,1,0,0,0,23,22,15,13,19,21,9,26,29
2023,281887,Delhi,Educational,0,0,0,0,0,0,0,1,0,23,22,15,13,19,20,9,26,29
2023,182438,Lucknow,Government,0,0,0,0,0,0,1,0,0,23,22,15,13,19,20,9,25,29
2023,435904,Chennai,Government,0,0,0,0,1,0,0,0,0,23,22,15,13,19,20,8,25,29
2023,117891,Lucknow,E-commerce,0,1,0,0,0,0,0,0,0,23,22,15,13,18,20,8,25,29
2023,32290,Lucknow,Government,0,0,0,0,0,1,0,0,0,23,21,15,13,18,20,8,25,29
2023,197133,Lucknow,Corporate,0,1,0,0,0,0,0,0,0,23,21,15,13,18,19,8,25,29
2023,7773,Lucknow,Government,0,0,0,0,0,0,0,1,0,23,20,15,13,18,19,8,25,29
2023,378844,Chennai,Financial,0,1,0,0,0,0,0,0,0,23,20,15,13,18,19,8,24,29
2023,120968,Chennai,Corporate,0,0,0,0,0,1,0,0,0,23,19,15,13,18,19,8,24,29
2023,92878,Lucknow,Personal,0,0,0,0,0,0,0,0,1,23,19,15,13,18,18,8,24,29
2023,81193,Lucknow,Government,0,0,0,0,0,0,0,0,1,23,19,15,13,18,18,8,24,28
2023,233263,Lucknow,Government,0,0,0,0,0,0,0,1,0,23,19,15,13,18,18,8,24,27
2023,324694,Bangalore,Personal,0,0,0,0,1,0,0,0,0,23,19,15,13,18,18,8,23,27
2023,142935,Lucknow,Government,0,0,0,0,0,1,0,0,0,23,19,15,13,17,18,8,23,27
2023,400854,Ahmedabad,Corporate,0,0,0,0,0,0,0,1,0,23,19,15,13,17,17,8,23,27
2023,10110,Ahmedabad,E-commerce,0,0,0,1,0,0,0,0,0,23,19,15,13,17,17,8,22,27
2023,378816,Jaipur,Government,0,0,0,0,0,0,0,1,0,23,19,15,12,17,17,8,22,27
2023,284780,Ahmedabad,Corporate,0,1,0,0,0,0,0,0,0,23,19,15,12,17,17,8,21,27
2023,235565,Lucknow,Personal,0,0,0,1,0,0,0,0,0,23,18,15,12,17,17,8,21,27
2023,404322,Chennai,Personal,0,1,0,0,0,0,0,0,0,23,18,15,11,17,17,8,21,27
2023,153360,Chennai,E-commerce,0,0,0,0,0,0,0,1,0,23,17,15,11,17,17,8,21,27
2023,37487,Hyderabad,E-commerce,0,0,0,0,0,0,0,1,0,23,17,15,11,17,17,8,20,27
2023,115793,Pune,Corporate,0,0,0,0,0,0,0,0,1,23,17,15,11,17,17,8,19,27
2023,198096,Bangalore,Financial,0,0,1,0,0,0,0,0,0,23,17,15,11,17,17,8,19,26
2023,13323,Mumbai,Corporate,0,0,0,0,0,1,0,0,0,23,17,14,11,17,17,8,19,26
2023,286855,Lucknow,Educational,0,0,0,0,1,0,0,0,0,23,17,14,11,17,16,8,19,26
2023,313282,Bangalore,Corporate,0,0,0,0,1,0,0,0,0,23,17,14,11,16,16,8,19,26
2023,122999,Lucknow,Financial,0,0,0,0,0,1,0,0,0,23,17,14,11,15,16,8,19,26
2023,119516,Hyderabad,Social Media,0,0,0,0,0,0,0,1,0,23,17,14,11,15,15,8,19,26
2023,296806,Ahmedabad,Corporate,0,1,0,0,0,0,0,0,0,23,17,14,11,15,15,8,18,26
2023,297037,Bangalore,Personal,1,0,0,0,0,0,0,0,0,23,16,14,11,15,15,8,18,26
2023,110847,Hyderabad,Corporate,0,0,0,0,0,1,0,0,0,22,16,14,11,15,15,8,18,26
2023,58716,Lucknow,Educational,1,0,0,0,0,0,0,0,0,22,16,14,11,15,14,8,18,26
2023,274797,Pune,Personal,0,0,1,0,0,0,0,0,0,21,16,14,11,15,14,8,18,26
2023,230104,Bangalore,Educational,0,0,1,0,0,0,0,0,0,21,16,13,11,15,14,8,18,26
2023,127888,Pune,Health,0,1,0,0,0,0,0,0,0,21,16,12,11,15,14,8,18,26
2023,138084,Kolkata,Financial,1,0,0,0,0,0,0,0,0,21,15,12,11,15,14,8,18,26
2023,271269,Kolkata,E-commerce,0,0,0,1,0,0,0,0,0,20,15,12,11,15,14,8,18,26
2023,350307,Pune,Social Media,0,0,0,0,0,0,0,1,0,20,15,12,10,15,14,8,18,26
2023,295054,Pune,Health,1,0,0,0,0,0,0,0,0,20,15,12,10,15,14,8,17,26
2023,5358,Jaipur,Government,0,0,0,0,0,0,0,0,1,19,15,12,10,15,14,8,17,26
2023,302454,Kolkata,Financial,0,0,0,0,1,0,0,0,0,19,15,12,10,15,14,8,17,25
2023,493289,Delhi,Personal,0,0,0,0,0,0,0,0,1,19,15,12,10,14,14,8,17,25
2023,165827,Pune,Personal,0,0,0,0,1,0,0,0,0,19,15,12,10,14,14,8,17,24
2023,254627,Ahmedabad,Educational,0,1,0,0,0,0,0,0,0,19,15,12,10,13,14,8,17,24
2023,89009,Bangalore,Educational,0,0,0,0,0,0,0,1,0,19,14,12,10,13,14,8,17,24
2023,13289,Bangalore,Government,1,0,0,0,0,0,0,0,0,19,14,12,10,13,14,8,16,24
2023,421182,Mumbai,Corporate,0,1,0,0,0,0,0,0,0,18,14,12,10,13,14,8,16,24
2023,280158,Bangalore,Educational,0,0,0,0,0,1,0,0,0,18,13,12,10,13,14,8,16,24
2023,132733,Delhi,Corporate,1,0,0,0,0,0,0,0,0,18,13,12,10,13,13,8,16,24
2023,485965,Chennai,Government,0,0,0,0,0,0,0,1,0,17,13,12,10,13,13,8,16,24
2023,105061,Chennai,Corporate,0,0,0,0,0,0,0,0,1,17,13,12,10,13,13,8,15,24
2023,295700,Ahmedabad,Personal,0,1,0,0,0,0,0,0,0,17,13,12,10,13,13,8,15,23
2023,272830,Hyderabad,Corporate,0,0,0,0,0,0,0,0,1,17,12,12,10,13,13,8,15,23
2023,87365,Mumbai,E-commerce,0,0,1,0,0,0,0,0,0,17,12,12,10,13,13,8,15,22
2023,190648,Delhi,Educational,0,0,0,0,0,1,0,0,0,17,12,11,10,13,13,8,15,22
2023,126541,Mumbai,Educational,0,0,0,1,0,0,0,0,0,17,12,11,10,13,12,8,15,22
2023,413417,Ahmedabad,Social Media,0,0,1,0,0,0,0,0,0,17,12,11,9,13,12,8,15,22
2023,252051,Jaipur,E-commerce,0,0,0,1,0,0,0,0,0,17,12,10,9,13,12,8,15,22
2023,37877,Chennai,Health,0,0,0,0,1,0,0,0,0,17,12,10,8,13,12,8,15,22
2023,433557,Ahmedabad,Health,0,0,0,0,0,0,0,1,0,17,12,10,8,12,12,8,15,22
2023,341858,Jaipur,Personal,0,0,0,0,0,1,0,0,0,17,12,10,8,12,12,8,14,22
2023,409529,Mumbai,Personal,0,1,0,0,0,0,0,0,0,17,12,10,8,12,11,8,14,22
2023,83503,Chennai,Corporate,1,0,0,0,0,0,0,0,0,17,11,10,8,12,11,8,14,22
2023,499946,Ahmedabad,Educational,1,0,0,0,0,0,0,0,0,16,11,10,8,12,11,8,14,22
2023,50104,Bangalore,Health,0,0,0,0,1,0,0,0,0,15,11,10,8,12,11,8,14,22
2023,232809,Jaipur,Educational,0,1,0,0,0,0,0,0,0,15,11,10,8,11,11,8,14,22
2023,233549,Pune,Social Media,0,0,0,0,0,0,0,0,1,15,10,10,8,11,11,8,14,22
2023,299522,Pune,Government,0,0,0,0,1,0,0,0,0,15,10,10,8,11,11,8,14,21
2023,463465,Kolkata,Health,0,0,1,0,0,0,0,0,0,15,10,10,8,10,11,8,14,21
2023,435837,Lucknow,Educational,0,0,1,0,0,0,0,0,0,15,10,9,8,10,11,8,14,21
2023,72635,Pune,Financial,0,0,0,0,0,0,0,1,0,15,10,8,8,10,11,8,14,21
2023,271518,Lucknow,Government,0,0,0,0,0,0,0,0,1,15,10,8,8,10,11,8,13,21
2023,489910,Ahmedabad,Financial,0,0,0,1,0,0,0,0,0,15,10,8,8,10,11,8,13,20
2023,5629,Lucknow,Government,0,0,0,0,0,0,0,0,1,15,10,8,7,10,11,8,13,20
2023,225559,Lucknow,Government,0,0,0,0,1,0,0,0,0,15,10,8,7,10,11,8,13,19
2023,27774,Lucknow,Government,0,0,0,0,0,0,1,0,0,15,10,8,7,9,11,8,13,19
2023,435995,Delhi,Corporate,0,1,0,0,0,0,0,0,0,15,10,8,7,9,11,7,13,19
2023,125316,Lucknow,Government,0,0,0,0,0,0,0,0,1,15,9,8,7,9,11,7,13,19
2023,204877,Lucknow,Government,0,0,0,0,1,0,0,0,0,15,9,8,7,9,11,7,13,18
2023,406417,Bangalore,Financial,0,0,0,0,0,0,0,1,0,15,9,8,7,8,11,7,13,18
2023,56231,Lucknow,Government,0,0,0,0,0,0,0,0,1,15,9,8,7,8,11,7,12,18
2023,138440,Lucknow,Government,0,0,0,0,0,0,0,0,1,15,9,8,7,8,11,7,12,17
2023,42568,Delhi,Government,0,0,0,0,0,0,0,1,0,15,9,8,7,8,11,7,12,16
2023,126903,Lucknow,Government,0,0,0,0,0,0,0,1,0,15,9,8,7,8,11,7,11,16
2023,98359,Pune,E-commerce,0,0,0,0,1,0,0,0,0,15,9,8,7,8,11,7,10,16
2023,290071,Lucknow,Government,0,0,0,0,0,0,0,0,1,15,9,8,7,7,11,7,10,16
2023,104101,Lucknow,Government,0,0,0,0,0,0,0,1,0,15,9,8,7,7,11,7,10,15
2023,493049,Kolkata,Government,0,1,0,0,0,0,0,0,0,15,9,8,7,7,11,7,9,15
2023,403290,Mumbai,Government,0,0,0,0,0,0,0,1,0,15,8,8,7,7,11,7,9,15
2023,224131,Hyderabad,Educational,1,0,0,0,0,0,0,0,0,15,8,8,7,7,11,7,8,15
2023,315470,Jaipur,Corporate,0,0,0,0,0,0,0,1,0,14,8,8,7,7,11,7,8,15
2023,313213,Jaipur,Personal,0,0,1,0,0,0,0,0,0,14,8,8,7,7,11,7,7,15
2023,203056,Mumbai,E-commerce,0,1,0,0,0,0,0,0,0,14,8,7,7,7,11,7,7,15
2023,193660,Mumbai,E-commerce,0,0,0,0,0,0,0,1,0,14,7,7,7,7,11,7,7,15
2023,169918,Kolkata,E-commerce,0,0,0,0,0,0,0,0,1,14,7,7,7,7,11,7,6,15
2023,362008,Jaipur,Educational,0,0,0,0,0,0,0,0,1,14,7,7,7,7,11,7,6,14
2023,414093,Lucknow,Social Media,0,0,0,0,0,0,0,0,1,14,7,7,7,7,11,7,6,13
2023,8729,Lucknow,Government,0,0,0,0,0,0,1,0,0,14,7,7,7,7,11,7,6,12
2023,198133,Pune,Educational,0,0,0,0,1,0,0,0,0,14,7,7,7,7,11,6,6,12
2023,44585,Ahmedabad,E-commerce,1,0,0,0,0,0,0,0,0,14,7,7,7,6,11,6,6,12
2023,33371,Ahmedabad,Personal,1,0,0,0,0,0,0,0,0,13,7,7,7,6,11,6,6,12
2023,375899,Delhi,Financial,0,0,1,0,0,0,0,0,0,12,7,7,7,6,11,6,6,12
2023,141507,Hyderabad,Personal,0,1,0,0,0,0,0,0,0,12,7,6,7,6,11,6,6,12
2023,121575,Chennai,E-commerce,0,0,0,0,0,1,0,0,0,12,6,6,7,6,11,6,6,12
2023,454531,Chennai,Personal,0,0,0,1,0,0,0,0,0,12,6,6,7,6,10,6,6,12
2023,56230,Delhi,Government,0,0,0,0,1,0,0,0,0,12,6,6,6,6,10,6,6,12
2023,427577,Delhi,Educational,0,0,0,1,0,0,0,0,0,12,6,6,6,5,10,6,6,12
2023,108522,Jaipur,Educational,0,0,0,0,0,1,0,0,0,12,6,6,5,5,10,6,6,12
2023,263307,Kolkata,Personal,0,0,1,0,0,0,0,0,0,12,6,6,5,5,9,6,6,12
2023,239976,Jaipur,Educational,1,0,0,0,0,0,0,0,0,12,6,5,5,5,9,6,6,12
2023,108971,Pune,Health,1,0,0,0,0,0,0,0,0,11,6,5,5,5,9,6,6,12
2023,417885,Ahmedabad,Social Media,1,0,0,0,0,0,0,0,0,10,6,5,5,5,9,6,6,12
2023,470959,Bangalore,Financial,0,0,0,0,0,1,0,0,0,9,6,5,5,5,9,6,6,12
2023,61428,Ahmedabad,Financial,0,0,0,0,0,0,0,1,0,9,6,5,5,5,8,6,6,12
2023,162779,Mumbai,E-commerce,0,0,0,0,0,1,0,0,0,9,6,5,5,5,8,6,5,12
2023,110834,Ahmedabad,Government,0,0,0,0,0,0,0,0,1,9,6,5,5,5,7,6,5,12
2023,205366,Bangalore,Educational,0,0,0,1,0,0,0,0,0,9,6,5,5,5,7,6,5,11
2023,326593,Jaipur,E-commerce,0,0,0,0,1,0,0,0,0,9,6,5,4,5,7,6,5,11
2023,98020,Lucknow,Government,0,0,0,0,0,0,0,0,1,9,6,5,4,4,7,6,5,11
2023,25466,Lucknow,Government,0,0,0,0,0,0,1,0,0,9,6,5,4,4,7,6,5,10
2023,332396,Chennai,Social Media,1,0,0,0,0,0,0,0,0,9,6,5,4,4,7,5,5,10
2023,325912,Delhi,Financial,0,1,0,0,0,0,0,0,0,8,6,5,4,4,7,5,5,10
2023,343962,Delhi,E-commerce,1,0,0,0,0,0,0,0,0,8,5,5,4,4,7,5,5,10
2023,416659,Bangalore,Social Media,0,0,0,0,0,0,0,0,1,7,5,5,4,4,7,5,5,10
2023,66612,Lucknow,Government,0,0,0,0,0,0,0,1,0,7,5,5,4,4,7,5,5,9
2023,73329,Lucknow,Government,0,0,0,0,0,0,1,0,0,7,5,5,4,4,7,5,4,9
2023,359690,Delhi,Financial,0,0,0,1,0,0,0,0,0,7,5,5,4,4,7,4,4,9
2023,490626,Mumbai,Educational,0,0,1,0,0,0,0,0,0,7,5,5,3,4,7,4,4,9
2023,383035,Kolkata,Health,0,0,0,1,0,0,0,0,0,7,5,4,3,4,7,4,4,9
2023,233750,Bangalore,Educational,0,0,0,0,0,0,0,0,1,7,5,4,2,4,7,4,4,9
2023,66776,Lucknow,Government,0,0,0,0,0,0,1,0,0,7,5,4,2,4,7,4,4,8
2023,123720,Ahmedabad,E-commerce,0,0,0,0,0,0,0,1,0,7,5,4,2,4,7,3,4,8
2023,195555,Jaipur,Educational,0,1,0,0,0,0,0,0,0,7,5,4,2,4,7,3,3,8
2023,54352,Ahmedabad,Health,0,0,1,0,0,0,0,0,0,7,4,4,2,4,7,3,3,8
2023,205894,Ahmedabad,Government,0,0,0,0,0,1,0,0,0,7,4,3,2,4,7,3,3,8
2023,165774,Lucknow,Government,0,0,0,0,0,0,1,0,0,7,4,3,2,4,6,3,3,8
2023,352296,Jaipur,Financial,0,0,1,0,0,0,0,0,0,7,4,3,2,4,6,2,3,8
2023,196702,Lucknow,Government,0,0,0,0,0,0,1,0,0,7,4,2,2,4,6,2,3,8
2023,224894,Mumbai,E-commerce,1,0,0,0,0,0,0,0,0,7,4,2,2,4,6,1,3,8
2023,213380,Lucknow,Government,0,0,0,0,0,1,0,0,0,6,4,2,2,4,6,1,3,8
2023,384894,Chennai,Educational,0,0,0,1,0,0,0,0,0,6,4,2,2,4,5,1,3,8
2023,263670,Hyderabad,Financial,0,1,0,0,0,0,0,0,0,6,4,2,1,4,5,1,3,8
2023,88468,Jaipur,Financial,0,0,0,0,0,0,0,1,0,6,3,2,1,4,5,1,3,8
2023,52924,Mumbai,Health,1,0,0,0,0,0,0,0,0,6,3,2,1,4,5,1,2,8
2023,294461,Lucknow,Government,0,0,0,0,0,0,1,0,0,5,3,2,1,4,5,1,2,8
2023,106111,Mumbai,Personal,0,0,0,0,0,0,0,0,1,5,3,2,1,4,5,0,2,8
2023,35594,Lucknow,Corporate,0,0,0,0,0,0,0,0,1,5,3,2,1,4,5,0,2,7
2023,113020,Jaipur,Social Media,1,0,0,0,0,0,0,0,0,5,3,2,1,4,5,0,2,6
2023,79222,Hyderabad,E-commerce,0,0,1,0,0,0,0,0,0,4,3,2,1,4,5,0,2,6
2023,98700,Lucknow,Government,0,0,0,0,1,0,0,0,0,4,3,1,1,4,5,0,2,6
2023,471173,Kolkata,E-commerce,0,0,0,0,0,0,0,0,1,4,3,1,1,3,5,0,2,6
2023,192703,Ahmedabad,Financial,0,0,0,0,0,0,0,1,0,4,3,1,1,3,5,0,2,5
2023,295933,Lucknow,Government,0,0,0,0,0,0,0,0,1,4,3,1,1,3,5,0,1,5
2023,468181,Lucknow,Corporate,1,0,0,0,0,0,0,0,0,4,3,1,1,3,5,0,1,4
2023,146788,Pune,Government,0,0,0,0,1,0,0,0,0,3,3,1,1,3,5,0,1,4
2023,231983,Kolkata,Educational,0,0,0,0,0,0,0,1,0,3,3,1,1,2,5,0,1,4
2023,213734,Lucknow,Government,0,0,0,0,0,1,0,0,0,3,3,1,1,2,5,0,0,4
2023,61545,Mumbai,Educational,0,0,0,0,0,0,0,0,1,3,3,1,1,2,4,0,0,4
2023,201623,Lucknow,Government,0,0,0,0,0,1,0,0,0,3,3,1,1,2,4,0,0,3
2023,412484,Chennai,Corporate,0,0,0,0,1,0,0,0,0,3,3,1,1,2,3,0,0,3
2023,449532,Pune,Government,0,0,0,0,0,0,0,0,1,3,3,1,1,1,3,0,0,3
2023,120503,Lucknow,Personal,0,1,0,0,0,0,0,0,0,3,3,1,1,1,3,0,0,2
2023,165685,Mumbai,Financial,0,0,1,0,0,0,0,0,0,3,2,1,1,1,3,0,0,2
2023,206342,Jaipur,Health,1,0,0,0,0,0,0,0,0,3,2,0,1,1,3,0,0,2
2023,363638,Delhi,Social Media,0,1,0,0,0,0,0,0,0,2,2,0,1,1,3,0,0,2
2023,184362,Delhi,Corporate,1,0,0,0,0,0,0,0,0,2,1,0,1,1,3,0,0,2
2023,446485,Bangalore,Social Media,0,1,0,0,0,0,0,0,0,1,1,0,1,1,3,0,0,2
2023,170623,Lucknow,Government,0,0,0,0,0,0,0,0,1,1,0,0,1,1,3,0,0,2
2023,144401,Pune,Government,1,0,0,0,0,0,0,0,0,1,0,0,1,1,3,0,0,1
2023,60880,Lucknow,Government,0,0,0,0,0,1,0,0,0,0,0,0,1,1,3,0,0,1
2023,67435,Lucknow,Government,0,0,0,0,0,1,0,0,0,0,0,0,1,1,2,0,0,1
2023,137976,Lucknow,Government,0,0,0,0,1,0,0,0,0,0,0,0,1,1,1,0,0,1
2023,206390,Pune,Government,0,0,0,1,0,0,0,0,0,0,0,0,1,0,1,0,0,1
2023,269512,Jaipur,Government,0,0,0,0,0,1,0,0,0,0,0,0,0,0,1,0,0,1
2023,286073,Lucknow,Government,0,0,0,0,0,0,0,0,1,0,0,0,0,0,0,0,0,1
2022,431866,Mumbai,Financial,0,0,0,0,0,1,0,0,0,18,25,22,22,33,27,8,25,34
2022,472828,Jaipur,Social Media,0,0,0,1,0,0,0,0,0,18,25,22,22,33,26,8,25,34
2022,470882,Hyderabad,Social Media,0,0,0,0,0,1,0,0,0,18,25,22,21,33,26,8,25,34
2022,363246,Kolkata,Government,0,0,0,0,0,0,0,0,1,18,25,22,21,33,25,8,25,34
2022,356891,Lucknow,Social Media,0,0,1,0,0,0,0,0,0,18,25,22,21,33,25,8,25,33
2022,111641,Hyderabad,E-commerce,0,0,0,0,0,0,0,0,1,18,25,21,21,33,25,8,25,33
2022,270565,Jaipur,Social Media,0,1,0,0,0,0,0,0,0,18,25,21,21,33,25,8,25,32
2022,159285,Mumbai,Social Media,0,0,0,0,1,0,0,0,0,18,24,21,21,33,25,8,25,32
2022,425226,Kolkata,Government,0,0,0,1,0,0,0,0,0,18,24,21,21,32,25,8,25,32
2022,120735,Jaipur,Educational,0,1,0,0,0,0,0,0,0,18,24,21,20,32,25,8,25,32
2022,166140,Chennai,Educational,0,0,0,0,0,0,0,1,0,18,23,21,20,32,25,8,25,32
2022,299185,Pune,Health,0,1,0,0,0,0,0,0,0,18,23,21,20,32,25,8,24,32
2022,448907,Chennai,Educational,0,0,0,0,0,1,0,0,0,18,22,21,20,32,25,8,24,32
2022,328825,Jaipur,Financial,0,0,0,0,0,0,0,0,1,18,22,21,20,32,24,8,24,32
2022,266798,Ahmedabad,E-commerce,0,0,1,0,0,0,0,0,0,18,22,21,20,32,24,8,24,31
2022,252459,Kolkata,Personal,0,0,1,0,0,0,0,0,0,18,22,20,20,32,24,8,24,31
2022,128556,Hyderabad,Educational,0,1,0,0,0,0,0,0,0,18,22,19,20,32,24,8,24,31
2022,27160,Jaipur,Health,0,0,0,0,1,0,0,0,0,18,21,19,20,32,24,8,24,31
2022,489096,Mumbai,Government,0,0,0,0,0,0,0,1,0,18,21,19,20,31,24,8,24,31
2022,76388,Jaipur,Social Media,0,0,0,0,0,0,0,0,1,18,21,19,20,31,24,8,23,31
2022,139299,Pune,Financial,0,0,0,1,0,0,0,0,0,18,21,19,20,31,24,8,23,30
2022,140402,Delhi,Personal,0,0,0,0,0,1,0,0,0,18,21,19,19,31,24,8,23,30
2022,455162,Mumbai,Government,0,0,1,0,0,0,0,0,0,18,21,19,19,31,23,8,23,30
2022,100359,Delhi,Personal,0,0,0,0,0,0,1,0,0,18,21,18,19,31,23,8,23,30
2022,278349,Delhi,Personal,0,0,0,0,1,0,0,0,0,18,21,18,19,31,23,7,23,30
2022,118557,Delhi,Personal,0,0,0,0,0,0,0,0,1,18,21,18,19,30,23,7,23,30
2022,252156,Delhi,Personal,0,0,0,0,0,0,0,0,1,18,21,18,19,30,23,7,23,29
2022,174906,Delhi,Personal,0,0,0,0,0,0,0,1,0,18,21,18,19,30,23,7,23,28
2022,243364,Delhi,Personal,0,0,0,0,0,0,0,1,0,18,21,18,19,30,23,7,22,28
2022,194399,Delhi,Personal,0,0,0,0,0,0,0,0,1,18,21,18,19,30,23,7,21,28
2022,120009,Delhi,Personal,0,0,0,0,0,0,0,0,1,18,21,18,19,30,23,7,21,27
2022,79822,Delhi,Personal,0,0,0,0,0,0,1,0,0,18,21,18,19,30,23,7,21,26
2022,73930,Bangalore,Health,0,0,0,0,0,0,0,0,1,18,21,18,19,30,23,6,21,26
2022,157193,Jaipur,Government,0,0,0,0,1,0,0,0,0,18,21,18,19,30,23,6,21,25
2022,77329,Ahmedabad,Social Media,0,1,0,0,0,0,0,0,0,18,21,18,19,29,23,6,21,25
2022,272808,Delhi,Personal,0,0,0,0,1,0,0,0,0,18,20,18,19,29,23,6,21,25
2022,292444,Chennai,Personal,0,0,0,1,0,0,0,0,0,18,20,18,19,28,23,6,21,25
2022,464547,Mumbai,E-commerce,1,0,0,0,0,0,0,0,0,18,20,18,18,28,23,6,21,25
2022,304568,Lucknow,Social Media,0,0,0,0,0,0,0,0,1,17,20,18,18,28,23,6,21,25
2022,179148,Lucknow,Health,1,0,0,0,0,0,0,0,0,17,20,18,18,28,23,6,21,24
2022,184658,Delhi,Personal,0,0,0,0,0,0,0,0,1,16,20,18,18,28,23,6,21,24
2022,41093,Delhi,Personal,0,0,0,0,0,1,0,0,0,16,20,18,18,28,23,6,21,23
2022,207093,Delhi,Personal,0,0,0,0,0,1,0,0,0,16,20,18,18,28,22,6,21,23
2022,154812,Ahmedabad,Government,0,0,0,0,0,1,0,0,0,16,20,18,18,28,21,6,21,23
2022,143053,Delhi,Personal,0,0,0,0,0,0,1,0,0,16,20,18,18,28,20,6,21,23
2022,96147,Delhi,Personal,0,0,0,0,0,0,0,0,1,16,20,18,18,28,20,5,21,23
2022,203452,Delhi,Personal,0,0,0,0,1,0,0,0,0,16,20,18,18,28,20,5,21,22
2022,45809,Delhi,Personal,0,0,0,0,0,0,1,0,0,16,20,18,18,27,20,5,21,22
2022,81999,Delhi,Personal,0,0,0,0,0,0,0,1,0,16,20,18,18,27,20,4,21,22
2022,273772,Delhi,Personal,0,0,0,0,0,0,0,1,0,16,20,18,18,27,20,4,20,22
2022,89478,Delhi,Personal,0,0,0,0,0,1,0,0,0,16,20,18,18,27,20,4,19,22
2022,132753,Delhi,Personal,0,0,0,0,0,0,0,1,0,16,20,18,18,27,19,4,19,22
2022,89539,Delhi,Personal,0,0,0,0,0,0,0,0,1,16,20,18,18,27,19,4,18,22
2022,256036,Delhi,Personal,0,0,0,0,0,0,0,0,1,16,20,18,18,27,19,4,18,21
2022,178132,Delhi,Personal,0,0,0,0,0,0,0,1,0,16,20,18,18,27,19,4,18,20
2022,67039,Delhi,Personal,0,0,0,0,0,1,0,0,0,16,20,18,18,27,19,4,17,20
2022,194909,Delhi,Personal,0,0,0,0,0,0,1,0,0,16,20,18,18,27,18,4,17,20
2022,217575,Delhi,Personal,0,0,0,0,0,0,1,0,0,16,20,18,18,27,18,3,17,20
2022,83769,Delhi,Personal,0,0,0,0,0,1,0,0,0,16,20,18,18,27,18,2,17,20
2022,274767,Delhi,Personal,0,0,0,0,1,0,0,0,0,16,20,18,18,27,17,2,17,20
2022,91825,Delhi,Personal,0,0,0,0,0,1,0,0,0,16,20,18,18,26,17,2,17,20
2022,268107,Delhi,Personal,0,0,0,0,0,1,0,0,0,16,20,18,18,26,16,2,17,20
2022,14762,Delhi,Personal,0,0,0,0,1,0,0,0,0,16,20,18,18,26,15,2,17,20
2022,257764,Delhi,Personal,0,0,0,0,0,0,1,0,0,16,20,18,18,25,15,2,17,20
2022,185896,Delhi,Personal,0,0,0,0,0,0,0,0,1,16,20,18,18,25,15,1,17,20
2022,217778,Delhi,Personal,0,0,0,0,1,0,0,0,0,16,20,18,18,25,15,1,17,19
2022,202304,Delhi,Personal,0,0,0,0,0,1,0,0,0,16,20,18,18,24,15,1,17,19
2022,13683,Delhi,Personal,0,0,0,0,0,1,0,0,0,16,20,18,18,24,14,1,17,19
2022,269429,Delhi,Personal,0,0,0,0,0,0,0,0,1,16,20,18,18,24,13,1,17,19
2022,235213,Chennai,Social Media,0,0,0,0,0,0,0,1,0,16,20,18,18,24,13,1,17,18
2022,492128,Chennai,Financial,0,0,0,0,0,0,0,0,1,16,20,18,18,24,13,1,16,18
2022,223724,Hyderabad,Educational,0,0,0,0,1,0,0,0,0,16,20,18,18,24,13,1,16,17
2022,311375,Kolkata,Social Media,0,0,0,0,0,0,0,0,1,16,20,18,18,23,13,1,16,17
2022,336126,Mumbai,Personal,0,0,1,0,0,0,0,0,0,16,20,18,18,23,13,1,16,16
2022,99540,Mumbai,Corporate,0,0,0,0,0,1,0,0,0,16,20,17,18,23,13,1,16,16
2022,142826,Jaipur,E-commerce,0,0,0,0,0,0,0,1,0,16,20,17,18,23,12,1,16,16
2022,171963,Jaipur,Social Media,0,0,0,1,0,0,0,0,0,16,20,17,18,23,12,1,15,16
2022,161400,Hyderabad,Financial,0,0,0,0,1,0,0,0,0,16,20,17,17,23,12,1,15,16
2022,43828,Mumbai,Corporate,0,0,0,0,1,0,0,0,0,16,20,17,17,22,12,1,15,16
2022,176915,Mumbai,Educational,0,0,0,0,1,0,0,0,0,16,20,17,17,21,12,1,15,16
2022,360687,Delhi,Corporate,0,0,0,0,0,1,0,0,0,16,20,17,17,20,12,1,15,16
2022,399465,Mumbai,E-commerce,0,0,0,1,0,0,0,0,0,16,20,17,17,20,11,1,15,16
2022,319693,Lucknow,Corporate,0,0,0,0,1,0,0,0,0,16,20,17,16,20,11,1,15,16
2022,136327,Chennai,Corporate,0,1,0,0,0,0,0,0,0,16,20,17,16,19,11,1,15,16
2022,327459,Lucknow,Social Media,0,0,0,0,0,0,0,0,1,16,19,17,16,19,11,1,15,16
2022,73240,Kolkata,Educational,0,0,0,1,0,0,0,0,0,16,19,17,16,19,11,1,15,15
2022,389070,Chennai,Corporate,0,0,0,0,0,0,0,0,1,16,19,17,15,19,11,1,15,15
2022,374479,Ahmedabad,Social Media,0,0,0,0,1,0,0,0,0,16,19,17,15,19,11,1,15,14
2022,171604,Kolkata,Social Media,0,0,0,0,1,0,0,0,0,16,19,17,15,18,11,1,15,14
2022,32007,Kolkata,Health,0,0,0,0,1,0,0,0,0,16,19,17,15,17,11,1,15,14
2022,194783,Chennai,Educational,0,0,0,0,0,1,0,0,0,16,19,17,15,16,11,1,15,14
2022,259503,Ahmedabad,Personal,0,0,0,0,0,0,0,0,1,16,19,17,15,16,10,1,15,14
2022,83413,Delhi,Personal,0,0,0,0,0,0,1,0,0,16,19,17,15,16,10,1,15,13
2022,268039,Kolkata,Educational,0,0,1,0,0,0,0,0,0,16,19,17,15,16,10,0,15,13
2022,404172,Mumbai,Financial,0,0,1,0,0,0,0,0,0,16,19,16,15,16,10,0,15,13
2022,289859,Chennai,Government,0,0,0,0,0,0,0,0,1,16,19,15,15,16,10,0,15,13
2022,100071,Bangalore,Personal,0,0,0,1,0,0,0,0,0,16,19,15,15,16,10,0,15,12
2022,47851,Jaipur,Financial,0,0,1,0,0,0,0,0,0,16,19,15,14,16,10,0,15,12
2022,226469,Delhi,Health,0,1,0,0,0,0,0,0,0,16,19,14,14,16,10,0,15,12
2022,496370,Delhi,Corporate,1,0,0,0,0,0,0,0,0,16,18,14,14,16,10,0,15,12
2022,449893,Hyderabad,Financial,0,0,0,0,1,0,0,0,0,15,18,14,14,16,10,0,15,12
2022,380551,Hyderabad,Health,0,0,0,0,0,1,0,0,0,15,18,14,14,15,10,0,15,12
2022,341357,Hyderabad,Health,0,0,0,0,1,0,0,0,0,15,18,14,14,15,9,0,15,12
2022,29179,Bangalore,Social Media,0,1,0,0,0,0,0,0,0,15,18,14,14,14,9,0,15,12
2022,300058,Hyderabad,Government,0,1,0,0,0,0,0,0,0,15,17,14,14,14,9,0,15,12
2022,8967,Pune,Government,0,1,0,0,0,0,0,0,0,15,16,14,14,14,9,0,15,12
2022,440875,Kolkata,Government,0,0,0,0,1,0,0,0,0,15,15,14,14,14,9,0,15,12
2022,51200,Chennai,Personal,0,0,1,0,0,0,0,0,0,15,15,14,14,13,9,0,15,12
2022,119947,Mumbai,E-commerce,1,0,0,0,0,0,0,0,0,15,15,13,14,13,9,0,15,12
2022,457956,Pune,E-commerce,0,0,0,0,1,0,0,0,0,14,15,13,14,13,9,0,15,12
2022,131513,Jaipur,Financial,0,0,0,1,0,0,0,0,0,14,15,13,14,12,9,0,15,12
2022,287370,Chennai,Government,1,0,0,0,0,0,0,0,0,14,15,13,13,12,9,0,15,12
2022,234483,Jaipur,E-commerce,0,1,0,0,0,0,0,0,0,13,15,13,13,12,9,0,15,12
2022,46379,Delhi,Educational,0,0,0,0,0,0,0,1,0,13,14,13,13,12,9,0,15,12
2022,86530,Bangalore,Corporate,0,1,0,0,0,0,0,0,0,13,14,13,13,12,9,0,14,12
2022,181225,Chennai,Government,0,0,0,0,0,0,0,1,0,13,13,13,13,12,9,0,14,12
2022,43229,Delhi,Social Media,0,0,0,0,0,0,0,1,0,13,13,13,13,12,9,0,13,12
2022,30165,Kolkata,Financial,0,0,0,0,0,0,0,0,1,13,13,13,13,12,9,0,12,12
2022,86708,Mumbai,Social Media,0,0,0,1,0,0,0,0,0,13,13,13,13,12,9,0,12,11
2022,267258,Mumbai,Corporate,1,0,0,0,0,0,0,0,0,13,13,13,12,12,9,0,12,11
2022,29380,Pune,Corporate,0,0,1,0,0,0,0,0,0,12,13,13,12,12,9,0,12,11
2022,336441,Lucknow,E-commerce,0,0,0,0,0,0,0,1,0,12,13,12,12,12,9,0,12,11
2022,460651,Jaipur,E-commerce,0,0,0,0,0,0,0,0,1,12,13,12,12,12,9,0,11,11
2022,111198,Mumbai,Financial,0,1,0,0,0,0,0,0,0,12,13,12,12,12,9,0,11,10
2022,246014,Kolkata,Corporate,0,0,1,0,0,0,0,0,0,12,12,12,12,12,9,0,11,10
2022,389647,Lucknow,Educational,0,0,0,0,0,1,0,0,0,12,12,11,12,12,9,0,11,10
2022,446864,Lucknow,Government,1,0,0,0,0,0,0,0,0,12,12,11,12,12,8,0,11,10
2022,406804,Delhi,Financial,1,0,0,0,0,0,0,0,0,11,12,11,12,12,8,0,11,10
2022,182002,Kolkata,Financial,0,0,0,0,0,0,0,0,1,10,12,11,12,12,8,0,11,10
2022,221971,Kolkata,Financial,0,1,0,0,0,0,0,0,0,10,12,11,12,12,8,0,11,9
2022,417495,Mumbai,Corporate,0,0,1,0,0,0,0,0,0,10,11,11,12,12,8,0,11,9
2022,239389,Chennai,Corporate,0,0,0,0,0,0,0,0,1,10,11,10,12,12,8,0,11,9
2022,292570,Hyderabad,Health,0,0,0,0,0,0,0,0,1,10,11,10,12,12,8,0,11,8
2022,235182,Hyderabad,Corporate,0,1,0,0,0,0,0,0,0,10,11,10,12,12,8,0,11,7
2022,40499,Bangalore,Personal,0,0,1,0,0,0,0,0,0,10,10,10,12,12,8,0,11,7
2022,130749,Lucknow,Personal,0,0,0,1,0,0,0,0,0,10,10,9,12,12,8,0,11,7
2022,253859,Mumbai,Corporate,1,0,0,0,0,0,0,0,0,10,10,9,11,12,8,0,11,7
2022,416231,Chennai,E-commerce,0,1,0,0,0,0,0,0,0,9,10,9,11,12,8,0,11,7
2022,339511,Hyderabad,Health,0,0,0,1,0,0,0,0,0,9,9,9,11,12,8,0,11,7
2022,102376,Mumbai,Educational,0,0,0,0,1,0,0,0,0,9,9,9,10,12,8,0,11,7
2022,445243,Hyderabad,Corporate,0,0,0,1,0,0,0,0,0,9,9,9,10,11,8,0,11,7
2022,339763,Mumbai,Educational,0,0,1,0,0,0,0,0,0,9,9,9,9,11,8,0,11,7
2022,436456,Delhi,Financial,0,0,0,1,0,0,0,0,0,9,9,8,9,11,8,0,11,7
2022,377188,Mumbai,Health,0,0,1,0,0,0,0,0,0,9,9,8,8,11,8,0,11,7
2022,145832,Ahmedabad,Personal,0,1,0,0,0,0,0,0,0,9,9,7,8,11,8,0,11,7
2022,288681,Hyderabad,Educational,0,0,0,0,0,0,0,1,0,9,8,7,8,11,8,0,11,7
2022,460054,Ahmedabad,Educational,0,0,0,0,1,0,0,0,0,9,8,7,8,11,8,0,10,7
2022,369805,Kolkata,Government,0,0,0,0,0,1,0,0,0,9,8,7,8,10,8,0,10,7
2022,342278,Mumbai,Financial,0,0,0,1,0,0,0,0,0,9,8,7,8,10,7,0,10,7
2022,7154,Kolkata,Financial,0,0,1,0,0,0,0,0,0,9,8,7,7,10,7,0,10,7
2022,374706,Kolkata,Corporate,0,0,0,0,0,1,0,0,0,9,8,6,7,10,7,0,10,7
2022,174895,Bangalore,E-commerce,0,0,0,0,0,1,0,0,0,9,8,6,7,10,6,0,10,7
2022,489011,Ahmedabad,Financial,0,0,0,1,0,0,0,0,0,9,8,6,7,10,5,0,10,7
2022,111091,Lucknow,Social Media,0,0,0,0,0,0,0,1,0,9,8,6,6,10,5,0,10,7
2022,97059,Kolkata,Educational,0,0,0,0,0,1,0,0,0,9,8,6,6,10,5,0,9,7
2022,444893,Mumbai,Educational,0,0,0,0,0,1,0,0,0,9,8,6,6,10,4,0,9,7
2022,446795,Bangalore,Financial,0,0,0,1,0,0,0,0,0,9,8,6,6,10,3,0,9,7
2022,153876,Kolkata,Educational,0,0,0,0,0,0,0,0,1,9,8,6,5,10,3,0,9,7
2022,441280,Delhi,Educational,0,0,0,0,0,0,0,1,0,9,8,6,5,10,3,0,9,6
2022,65324,Pune,Corporate,0,0,0,0,0,0,0,1,0,9,8,6,5,10,3,0,8,6
2022,420139,Delhi,Financial,0,0,1,0,0,0,0,0,0,9,8,6,5,10,3,0,7,6
2022,296286,Bangalore,Government,0,1,0,0,0,0,0,0,0,9,8,5,5,10,3,0,7,6
2022,99818,Bangalore,Government,0,0,0,0,1,0,0,0,0,9,7,5,5,10,3,0,7,6
2022,454792,Jaipur,Government,1,0,0,0,0,0,0,0,0,9,7,5,5,9,3,0,7,6
2022,71316,Hyderabad,Educational,0,0,1,0,0,0,0,0,0,8,7,5,5,9,3,0,7,6
2022,62272,Hyderabad,Government,0,0,0,0,1,0,0,0,0,8,7,4,5,9,3,0,7,6
2022,103471,Chennai,Corporate,0,1,0,0,0,0,0,0,0,8,7,4,5,8,3,0,7,6
2022,159280,Bangalore,Financial,0,1,0,0,0,0,0,0,0,8,6,4,5,8,3,0,7,6
2022,51861,Chennai,Financial,0,0,1,0,0,0,0,0,0,8,5,4,5,8,3,0,7,6
2022,206209,Kolkata,E-commerce,0,0,0,0,0,0,0,0,1,8,5,3,5,8,3,0,7,6
2022,478063,Kolkata,Health,0,1,0,0,0,0,0,0,0,8,5,3,5,8,3,0,7,5
2022,434098,Delhi,Educational,0,0,0,0,0,0,0,1,0,8,4,3,5,8,3,0,7,5
2022,327818,Kolkata,Financial,0,0,1,0,0,0,0,0,0,8,4,3,5,8,3,0,6,5
2022,468535,Hyderabad,Health,0,0,0,0,0,1,0,0,0,8,4,2,5,8,3,0,6,5
2022,35531,Mumbai,Government,0,0,0,0,1,0,0,0,0,8,4,2,5,8,2,0,6,5
2022,331904,Kolkata,Social Media,0,0,0,0,0,0,0,1,0,8,4,2,5,7,2,0,6,5
2022,133311,Kolkata,E-commerce,1,0,0,0,0,0,0,0,0,8,4,2,5,7,2,0,5,5
2022,396141,Mumbai,E-commerce,1,0,0,0,0,0,0,0,0,7,4,2,5,7,2,0,5,5
2022,311931,Kolkata,Corporate,0,1,0,0,0,0,0,0,0,6,4,2,5,7,2,0,5,5
2022,232447,Mumbai,Personal,0,0,0,1,0,0,0,0,0,6,3,2,5,7,2,0,5,5
2022,236458,Chennai,Social Media,0,0,0,1,0,0,0,0,0,6,3,2,4,7,2,0,5,5
2022,143635,Chennai,Corporate,0,0,0,0,0,1,0,0,0,6,3,2,3,7,2,0,5,5
2022,206735,Mumbai,Corporate,1,0,0,0,0,0,0,0,0,6,3,2,3,7,1,0,5,5
2022,147470,Lucknow,Government,0,0,0,0,1,0,0,0,0,5,3,2,3,7,1,0,5,5
2022,224536,Jaipur,E-commerce,0,1,0,0,0,0,0,0,0,5,3,2,3,6,1,0,5,5
2022,346114,Pune,Corporate,0,0,0,0,0,0,0,1,0,5,2,2,3,6,1,0,5,5
2022,177076,Delhi,Government,0,0,0,0,1,0,0,0,0,5,2,2,3,6,1,0,4,5
2022,235746,Mumbai,E-commerce,0,0,0,0,0,0,0,1,0,5,2,2,3,5,1,0,4,5
2022,499090,Mumbai,E-commerce,0,0,0,1,0,0,0,0,0,5,2,2,3,5,1,0,3,5
2022,295923,Kolkata,Corporate,0,0,0,0,0,0,0,0,1,5,2,2,2,5,1,0,3,5
2022,478085,Lucknow,Educational,0,0,0,0,0,0,0,1,0,5,2,2,2,5,1,0,3,4
2022,25596,Pune,Social Media,0,0,0,1,0,0,0,0,0,5,2,2,2,5,1,0,2,4
2022,220724,Bangalore,Corporate,0,0,0,0,0,0,0,0,1,5,2,2,1,5,1,0,2,4
2022,272991,Delhi,E-commerce,1,0,0,0,0,0,0,0,0,5,2,2,1,5,1,0,2,3
2022,246378,Pune,Educational,0,0,0,1,0,0,0,0,0,4,2,2,1,5,1,0,2,3
2022,120273,Bangalore,Government,0,0,0,0,0,0,0,0,1,4,2,2,0,5,1,0,2,3
2022,346454,Mumbai,Social Media,0,0,1,0,0,0,0,0,0,4,2,2,0,5,1,0,2,2
2022,327322,Delhi,Personal,0,0,0,0,1,0,0,0,0,4,2,1,0,5,1,0,2,2
2022,499500,Bangalore,Government,1,0,0,0,0,0,0,0,0,4,2,1,0,4,1,0,2,2
2022,477410,Delhi,Health,0,0,0,0,0,1,0,0,0,3,2,1,0,4,1,0,2,2
2022,319232,Bangalore,Financial,0,0,0,0,1,0,0,0,0,3,2,1,0,4,0,0,2,2
2022,82889,Hyderabad,Health,1,0,0,0,0,0,0,0,0,3,2,1,0,3,0,0,2,2
2022,466757,Bangalore,Educational,0,0,0,0,1,0,0,0,0,2,2,1,0,3,0,0,2,2
2022,193860,Lucknow,Health,0,0,0,0,0,0,0,0,1,2,2,1,0,2,0,0,2,2
2022,241069,Mumbai,Social Media,1,0,0,0,0,0,0,0,0,2,2,1,0,2,0,0,2,1
2022,246011,Delhi,E-commerce,0,0,1,0,0,0,0,0,0,1,2,1,0,2,0,0,2,1
2022,158087,Chennai,Educational,0,0,0,0,1,0,0,0,0,1,2,0,0,2,0,0,2,1
2022,286055,Ahmedabad,Corporate,0,0,0,0,0,0,0,0,1,1,2,0,0,1,0,0,2,1
2022,433659,Mumbai,Financial,0,1,0,0,0,0,0,0,0,1,2,0,0,1,0,0,2,0
2022,315242,Delhi,Corporate,0,1,0,0,0,0,0,0,0,1,1,0,0,1,0,0,2,0
2022,13115,Ahmedabad,Health,0,0,0,0,0,0,0,1,0,1,0,0,0,1,0,0,2,0
2022,399871,Mumbai,Corporate,0,0,0,0,1,0,0,0,0,1,0,0,0,1,0,0,1,0
2022,102757,Jaipur,Personal,0,0,0,0,0,0,0,1,0,1,0,0,0,0,0,0,1,0
2022,158215,Delhi,Financial,1,0,0,0,0,0,0,0,0,1,0,0,0,0,0,0,0,0
2021,11699,Ahmedabad,Social Media,0,0,0,0,0,0,0,0,1,21,16,25,18,21,31,11,27,24
2021,331721,Kolkata,Government,0,0,0,1,0,0,0,0,0,21,16,25,18,21,31,11,27,23
2021,91827,Hyderabad,Personal,0,0,0,0,0,0,0,1,0,21,16,25,17,21,31,11,27,23
2021,96081,Hyderabad,Social Media,0,0,0,1,0,0,0,0,0,21,16,25,17,21,31,11,26,23
2021,467381,Chennai,Personal,1,0,0,0,0,0,0,0,0,21,16,25,16,21,31,11,26,23
2021,119413,Hyderabad,Corporate,0,0,0,0,0,0,0,1,0,20,16,25,16,21,31,11,26,23
2021,236806,Delhi,Financial,0,0,0,0,0,0,0,0,1,20,16,25,16,21,31,11,25,23
2021,461494,Kolkata,Educational,0,1,0,0,0,0,0,0,0,20,16,25,16,21,31,11,25,22
2021,112453,Mumbai,Personal,0,1,0,0,0,0,0,0,0,20,15,25,16,21,31,11,25,22
2021,213977,Pune,Personal,0,0,0,0,0,1,0,0,0,20,14,25,16,21,31,11,25,22
2021,445328,Hyderabad,Educational,0,0,1,0,0,0,0,0,0,20,14,25,16,21,30,11,25,22
2021,18347,Hyderabad,Personal,0,0,1,0,0,0,0,0,0,20,14,24,16,21,30,11,25,22
2021,328025,Bangalore,Social Media,1,0,0,0,0,0,0,0,0,20,14,23,16,21,30,11,25,22
2021,339041,Bangalore,Financial,1,0,0,0,0,0,0,0,0,19,14,23,16,21,30,11,25,22
2021,342674,Ahmedabad,Corporate,0,0,0,0,0,0,0,0,1,18,14,23,16,21,30,11,25,22
2021,372000,Pune,E-commerce,0,0,0,1,0,0,0,0,0,18,14,23,16,21,30,11,25,21
2021,444324,Mumbai,Government,0,0,0,0,1,0,0,0,0,18,14,23,15,21,30,11,25,21
2021,35707,Hyderabad,Personal,1,0,0,0,0,0,0,0,0,18,14,23,15,20,30,11,25,21
2021,159492,Jaipur,Corporate,0,0,1,0,0,0,0,0,0,17,14,23,15,20,30,11,25,21
2021,158702,Jaipur,Social Media,0,0,0,0,0,1,0,0,0,17,14,22,15,20,30,11,25,21
2021,108503,Bangalore,Corporate,0,0,0,0,0,0,1,0,0,17,14,22,15,20,29,11,25,21
2021,234782,Delhi,Health,0,0,1,0,0,0,0,0,0,17,14,22,15,20,29,10,25,21
2021,197713,Bangalore,Educational,0,0,0,0,0,0,0,0,1,17,14,21,15,20,29,10,25,21
2021,288313,Chennai,E-commerce,0,0,1,0,0,0,0,0,0,17,14,21,15,20,29,10,25,20
2021,465868,Kolkata,Social Media,0,0,0,0,1,0,0,0,0,17,14,20,15,20,29,10,25,20
2021,174757,Bangalore,Financial,0,0,1,0,0,0,0,0,0,17,14,20,15,19,29,10,25,20
2021,419899,Pune,Corporate,0,0,0,0,0,0,0,1,0,17,14,19,15,19,29,10,25,20
2021,419219,Jaipur,E-commerce,0,0,0,0,1,0,0,0,0,17,14,19,15,19,29,10,24,20
2021,468016,Delhi,Financial,1,0,0,0,0,0,0,0,0,17,14,19,15,18,29,10,24,20
2021,388009,Pune,Social Media,1,0,0,0,0,0,0,0,0,16,14,19,15,18,29,10,24,20
2021,345333,Kolkata,E-commerce,0,0,0,0,0,1,0,0,0,15,14,19,15,18,29,10,24,20
2021,160033,Hyderabad,Personal,0,0,0,0,0,0,0,0,1,15,14,19,15,18,28,10,24,20
2021,388962,Lucknow,Educational,0,1,0,0,0,0,0,0,0,15,14,19,15,18,28,10,24,19
2021,34397,Jaipur,Corporate,0,0,0,0,1,0,0,0,0,15,13,19,15,18,28,10,24,19
2021,223317,Bangalore,Government,0,0,1,0,0,0,0,0,0,15,13,19,15,17,28,10,24,19
2021,36585,Lucknow,Corporate,1,0,0,0,0,0,0,0,0,15,13,18,15,17,28,10,24,19
2021,420505,Ahmedabad,Corporate,0,0,0,0,0,1,0,0,0,14,13,18,15,17,28,10,24,19
2021,203043,Hyderabad,E-commerce,0,1,0,0,0,0,0,0,0,14,13,18,15,17,27,10,24,19
2021,126150,Pune,Health,0,0,0,0,0,1,0,0,0,14,12,18,15,17,27,10,24,19
2021,45738,Delhi,Educational,0,0,1,0,0,0,0,0,0,14,12,18,15,17,26,10,24,19
2021,399872,Kolkata,Personal,0,0,0,0,0,0,0,1,0,14,12,17,15,17,26,10,24,19
2021,167370,Hyderabad,Health,0,1,0,0,0,0,0,0,0,14,12,17,15,17,26,10,23,19
2021,373494,Lucknow,Personal,0,0,0,0,0,0,0,0,1,14,11,17,15,17,26,10,23,19
2021,148992,Mumbai,Corporate,1,0,0,0,0,0,0,0,0,14,11,17,15,17,26,10,23,18
2021,44531,Bangalore,Corporate,0,0,0,0,0,0,0,1,0,13,11,17,15,17,26,10,23,18
2021,136870,Pune,E-commerce,0,0,0,0,0,0,0,1,0,13,11,17,15,17,26,10,22,18
2021,165155,Bangalore,Corporate,0,0,0,0,0,0,0,0,1,13,11,17,15,17,26,10,21,18
2021,62059,Bangalore,Corporate,0,0,0,0,0,1,0,0,0,13,11,17,15,17,26,10,21,17
2021,492872,Pune,Government,1,0,0,0,0,0,0,0,0,13,11,17,15,17,25,10,21,17
2021,47977,Bangalore,Corporate,0,0,0,0,1,0,0,0,0,12,11,17,15,17,25,10,21,17
2021,78401,Bangalore,Corporate,0,0,0,0,0,0,1,0,0,12,11,17,15,16,25,10,21,17
2021,375484,Jaipur,E-commerce,1,0,0,0,0,0,0,0,0,12,11,17,15,16,25,9,21,17
2021,143010,Bangalore,Corporate,0,0,0,0,0,0,0,1,0,11,11,17,15,16,25,9,21,17
2021,270907,Bangalore,Corporate,0,0,0,0,0,0,0,1,0,11,11,17,15,16,25,9,20,17
2021,377369,Chennai,Health,0,0,1,0,0,0,0,0,0,11,11,17,15,16,25,9,19,17
2021,217407,Bangalore,Corporate,0,0,0,0,0,0,1,0,0,11,11,16,15,16,25,9,19,17
2021,24218,Bangalore,Corporate,0,0,0,0,0,0,1,0,0,11,11,16,15,16,25,8,19,17
2021,223084,Pune,E-commerce,0,0,0,0,0,0,0,0,1,11,11,16,15,16,25,7,19,17
2021,137614,Hyderabad,Personal,0,0,0,0,0,0,0,1,0,11,11,16,15,16,25,7,19,16
2021,289934,Bangalore,Corporate,0,0,0,0,0,0,1,0,0,11,11,16,15,16,25,7,18,16
2021,117981,Pune,Social Media,0,0,0,0,0,0,0,0,1,11,11,16,15,16,25,6,18,16
2021,90818,Jaipur,Corporate,0,0,0,1,0,0,0,0,0,11,11,16,15,16,25,6,18,15
2021,64037,Bangalore,Social Media,0,0,0,0,0,0,0,0,1,11,11,16,14,16,25,6,18,15
2021,238495,Bangalore,Corporate,0,0,0,0,1,0,0,0,0,11,11,16,14,16,25,6,18,14
2021,178834,Bangalore,Corporate,0,0,0,0,0,0,0,0,1,11,11,16,14,15,25,6,18,14
2021,439716,Chennai,Health,0,0,0,1,0,0,0,0,0,11,11,16,14,15,25,6,18,13
2021,272090,Chennai,Corporate,0,0,0,0,0,1,0,0,0,11,11,16,13,15,25,6,18,13
2021,293182,Bangalore,Corporate,0,0,0,0,0,0,0,1,0,11,11,16,13,15,24,6,18,13
2021,33515,Bangalore,Corporate,0,0,0,0,0,0,1,0,0,11,11,16,13,15,24,6,17,13
2021,100083,Bangalore,Corporate,0,0,0,0,0,0,1,0,0,11,11,16,13,15,24,5,17,13
2021,178461,Bangalore,Corporate,0,0,0,0,1,0,0,0,0,11,11,16,13,15,24,4,17,13
2021,127962,Bangalore,Corporate,0,0,0,0,0,0,0,1,0,11,11,16,13,14,24,4,17,13
2021,41599,Bangalore,Corporate,0,0,0,0,0,1,0,0,0,11,11,16,13,14,24,4,16,13
2021,259731,Bangalore,Corporate,0,0,0,0,0,0,0,0,1,11,11,16,13,14,23,4,16,13
2021,165261,Bangalore,Corporate,0,0,0,0,0,0,1,0,0,11,11,16,13,14,23,4,16,12
2021,196099,Bangalore,Corporate,0,0,0,0,1,0,0,0,0,11,11,16,13,14,23,3,16,12
2021,293764,Kolkata,Health,0,0,0,0,0,0,0,0,1,11,11,16,13,13,23,3,16,12
2021,289179,Bangalore,Social Media,0,0,0,0,0,0,0,0,1,11,11,16,13,13,23,3,16,11
2021,169484,Lucknow,Corporate,0,0,0,0,0,0,0,1,0,11,11,16,13,13,23,3,16,10
2021,93415,Bangalore,Corporate,0,0,0,0,0,0,0,1,0,11,11,16,13,13,23,3,15,10
2021,134066,Bangalore,Corporate,0,0,0,0,0,1,0,0,0,11,11,16,13,13,23,3,14,10
2021,391707,Mumbai,Health,0,0,1,0,0,0,0,0,0,11,11,16,13,13,22,3,14,10
2021,233654,Bangalore,Corporate,0,0,0,0,1,0,0,0,0,11,11,15,13,13,22,3,14,10
2021,193474,Bangalore,Corporate,0,0,0,0,0,1,0,0,0,11,11,15,13,12,22,3,14,10
2021,71017,Mumbai,E-commerce,0,1,0,0,0,0,0,0,0,11,11,15,13,12,21,3,14,10
2021,82926,Bangalore,Corporate,0,0,0,0,1,0,0,0,0,11,10,15,13,12,21,3,14,10
2021,298190,Mumbai,Financial,0,0,1,0,0,0,0,0,0,11,10,15,13,11,21,3,14,10
2021,473580,Hyderabad,Educational,0,0,0,0,1,0,0,0,0,11,10,14,13,11,21,3,14,10
2021,45936,Pune,Financial,0,0,0,0,0,0,0,1,0,11,10,14,13,10,21,3,14,10
2021,383007,Bangalore,Personal,0,0,1,0,0,0,0,0,0,11,10,14,13,10,21,3,13,10
2021,486278,Mumbai,Educational,0,1,0,0,0,0,0,0,0,11,10,13,13,10,21,3,13,10
2021,178404,Lucknow,Government,0,0,1,0,0,0,0,0,0,11,9,13,13,10,21,3,13,10
2021,210373,Chennai,Corporate,1,0,0,0,0,0,0,0,0,11,9,12,13,10,21,3,13,10
2021,351541,Delhi,Financial,0,0,0,0,0,1,0,0,0,10,9,12,13,10,21,3,13,10
2021,367936,Mumbai,Social Media,0,0,0,0,0,0,0,1,0,10,9,12,13,10,20,3,13,10
2021,43913,Hyderabad,E-commerce,0,0,0,0,0,0,0,0,1,10,9,12,13,10,20,3,12,10
2021,303066,Lucknow,Corporate,0,0,0,0,0,0,0,1,0,10,9,12,13,10,20,3,12,9
2021,122076,Bangalore,Corporate,0,0,0,0,0,0,1,0,0,10,9,12,13,10,20,3,11,9
2021,466182,Delhi,Social Media,1,0,0,0,0,0,0,0,0,10,9,12,13,10,20,2,11,9
2021,290060,Pune,Government,0,0,0,1,0,0,0,0,0,9,9,12,13,10,20,2,11,9
2021,177037,Chennai,Social Media,0,0,0,0,0,0,0,0,1,9,9,12,12,10,20,2,11,9
2021,136720,Ahmedabad,E-commerce,0,0,1,0,0,0,0,0,0,9,9,12,12,10,20,2,11,8
2021,167205,Chennai,Financial,0,0,0,0,0,1,0,0,0,9,9,11,12,10,20,2,11,8
2021,226371,Lucknow,Social Media,0,0,0,0,0,1,0,0,0,9,9,11,12,10,19,2,11,8
2021,73715,Hyderabad,Financial,1,0,0,0,0,0,0,0,0,9,9,11,12,10,18,2,11,8
2021,212957,Mumbai,Health,0,0,1,0,0,0,0,0,0,8,9,11,12,10,18,2,11,8
2021,161866,Jaipur,Social Media,0,0,1,0,0,0,0,0,0,8,9,10,12,10,18,2,11,8
2021,421706,Chennai,Educational,0,0,0,0,0,1,0,0,0,8,9,9,12,10,18,2,11,8
2021,355591,Bangalore,Government,1,0,0,0,0,0,0,0,0,8,9,9,12,10,17,2,11,8
2021,391411,Kolkata,Educational,0,1,0,0,0,0,0,0,0,7,9,9,12,10,17,2,11,8
2021,157567,Bangalore,Corporate,0,0,0,0,0,1,0,0,0,7,8,9,12,10,17,2,11,8
2021,73099,Bangalore,Health,1,0,0,0,0,0,0,0,0,7,8,9,12,10,16,2,11,8
2021,267732,Bangalore,Corporate,0,0,0,0,0,0,1,0,0,6,8,9,12,10,16,2,11,8
2021,359918,Mumbai,E-commerce,0,1,0,0,0,0,0,0,0,6,8,9,12,10,16,1,11,8
2021,213029,Bangalore,Corporate,0,0,0,0,1,0,0,0,0,6,7,9,12,10,16,1,11,8
2021,10553,Bangalore,Corporate,0,0,0,0,0,1,0,0,0,6,7,9,12,9,16,1,11,8
2021,91949,Bangalore,Corporate,0,0,0,0,0,0,1,0,0,6,7,9,12,9,15,1,11,8
2021,436684,Bangalore,Government,1,0,0,0,0,0,0,0,0,6,7,9,12,9,15,0,11,8
2021,238948,Bangalore,Corporate,0,0,0,0,0,1,0,0,0,5,7,9,12,9,15,0,11,8
2021,81650,Bangalore,Corporate,0,0,0,0,0,0,0,0,1,5,7,9,12,9,14,0,11,8
2021,26191,Bangalore,Corporate,0,0,0,0,0,1,0,0,0,5,7,9,12,9,14,0,11,7
2021,260664,Bangalore,Corporate,0,0,0,0,0,1,0,0,0,5,7,9,12,9,13,0,11,7
2021,143599,Bangalore,Corporate,0,0,0,0,1,0,0,0,0,5,7,9,12,9,12,0,11,7
2021,200900,Jaipur,Personal,0,0,0,0,0,1,0,0,0,5,7,9,12,8,12,0,11,7
2021,470923,Mumbai,Health,0,0,0,0,0,1,0,0,0,5,7,9,12,8,11,0,11,7
2021,27443,Bangalore,Corporate,0,0,0,0,0,1,0,0,0,5,7,9,12,8,10,0,11,7
2021,87652,Bangalore,Educational,0,0,0,0,0,0,0,0,1,5,7,9,12,8,9,0,11,7
2021,171102,Hyderabad,Personal,0,0,0,1,0,0,0,0,0,5,7,9,12,8,9,0,11,6
2021,91373,Bangalore,Corporate,1,0,0,0,0,0,0,0,0,5,7,9,11,8,9,0,11,6
2021,40317,Bangalore,Corporate,0,0,0,0,1,0,0,0,0,4,7,9,11,8,9,0,11,6
2021,177048,Chennai,Educational,0,0,1,0,0,0,0,0,0,4,7,9,11,7,9,0,11,6
2021,426106,Jaipur,Financial,0,0,0,1,0,0,0,0,0,4,7,8,11,7,9,0,11,6
2021,317397,Hyderabad,Health,0,0,0,0,1,0,0,0,0,4,7,8,10,7,9,0,11,6
2021,73588,Chennai,Social Media,0,0,0,1,0,0,0,0,0,4,7,8,10,6,9,0,11,6
2021,111944,Hyderabad,E-commerce,0,0,1,0,0,0,0,0,0,4,7,8,9,6,9,0,11,6
2021,244373,Jaipur,Government,0,0,0,0,0,1,0,0,0,4,7,7,9,6,9,0,11,6
2021,279600,Pune,Social Media,0,0,0,0,0,0,0,1,0,4,7,7,9,6,8,0,11,6
2021,65288,Mumbai,E-commerce,0,0,0,0,0,0,0,0,1,4,7,7,9,6,8,0,10,6
2021,55624,Jaipur,Health,0,1,0,0,0,0,0,0,0,4,7,7,9,6,8,0,10,5
2021,29625,Chennai,Social Media,0,0,1,0,0,0,0,0,0,4,6,7,9,6,8,0,10,5
2021,417387,Ahmedabad,E-commerce,0,0,0,0,0,0,0,1,0,4,6,6,9,6,8,0,10,5
2021,147649,Hyderabad,Social Media,0,0,0,1,0,0,0,0,0,4,6,6,9,6,8,0,9,5
2021,436503,Pune,Financial,0,0,0,0,0,0,0,1,0,4,6,6,8,6,8,0,9,5
2021,145539,Mumbai,Personal,0,0,0,1,0,0,0,0,0,4,6,6,8,6,8,0,8,5
2021,402927,Pune,Government,0,1,0,0,0,0,0,0,0,4,6,6,7,6,8,0,8,5
2021,462227,Kolkata,Government,0,0,1,0,0,0,0,0,0,4,5,6,7,6,8,0,8,5
2021,463132,Ahmedabad,Health,0,0,0,0,0,0,0,0,1,4,5,5,7,6,8,0,8,5
2021,224725,Pune,Educational,1,0,0,0,0,0,0,0,0,4,5,5,7,6,8,0,8,4
2021,464183,Chennai,Corporate,0,0,0,0,0,1,0,0,0,3,5,5,7,6,8,0,8,4
2021,270295,Hyderabad,Personal,0,0,0,0,0,0,0,1,0,3,5,5,7,6,7,0,8,4
2021,182187,Jaipur,Personal,0,0,0,0,0,1,0,0,0,3,5,5,7,6,7,0,7,4
2021,430660,Kolkata,Financial,0,0,0,0,0,1,0,0,0,3,5,5,7,6,6,0,7,4
2021,284707,Bangalore,E-commerce,0,1,0,0,0,0,0,0,0,3,5,5,7,6,5,0,7,4
2021,194510,Pune,Social Media,0,0,0,0,0,1,0,0,0,3,4,5,7,6,5,0,7,4
2021,206244,Mumbai,Government,0,0,0,0,0,1,0,0,0,3,4,5,7,6,4,0,7,4
2021,273369,Delhi,Corporate,0,0,0,0,1,0,0,0,0,3,4,5,7,6,3,0,7,4
2021,75744,Chennai,Financial,0,0,0,0,0,0,0,1,0,3,4,5,7,5,3,0,7,4
2021,395583,Chennai,E-commerce,0,0,1,0,0,0,0,0,0,3,4,5,7,5,3,0,6,4
2021,235386,Bangalore,E-commerce,0,0,0,0,0,1,0,0,0,3,4,4,7,5,3,0,6,4
2021,366898,Ahmedabad,Financial,0,0,0,0,0,1,0,0,0,3,4,4,7,5,2,0,6,4
2021,430667,Hyderabad,Social Media,0,0,0,0,1,0,0,0,0,3,4,4,7,5,1,0,6,4
2021,312412,Jaipur,Personal,0,0,0,1,0,0,0,0,0,3,4,4,7,4,1,0,6,4
2021,261337,Chennai,Health,0,0,0,0,0,0,0,1,0,3,4,4,6,4,1,0,6,4
2021,247242,Kolkata,Educational,0,1,0,0,0,0,0,0,0,3,4,4,6,4,1,0,5,4
2021,128834,Chennai,Government,0,0,0,1,0,0,0,0,0,3,3,4,6,4,1,0,5,4
2021,37321,Ahmedabad,Financial,0,1,0,0,0,0,0,0,0,3,3,4,5,4,1,0,5,4
2021,233601,Delhi,Personal,0,1,0,0,0,0,0,0,0,3,2,4,5,4,1,0,5,4
2021,41390,Bangalore,E-commerce,0,0,0,0,0,1,0,0,0,3,1,4,5,4,1,0,5,4
2021,340720,Jaipur,Personal,0,0,0,0,0,0,0,0,1,3,1,4,5,4,0,0,5,4
2021,92658,Delhi,E-commerce,0,0,0,0,1,0,0,0,0,3,1,4,5,4,0,0,5,3
2021,58993,Pune,E-commerce,0,0,0,1,0,0,0,0,0,3,1,4,5,3,0,0,5,3
2021,466676,Jaipur,Government,0,0,0,0,0,0,0,1,0,3,1,4,4,3,0,0,5,3
2021,184321,Pune,Health,0,0,0,1,0,0,0,0,0,3,1,4,4,3,0,0,4,3
2021,29541,Mumbai,Corporate,1,0,0,0,0,0,0,0,0,3,1,4,3,3,0,0,4,3
2021,274680,Mumbai,Financial,0,0,0,0,0,0,0,0,1,2,1,4,3,3,0,0,4,3
2021,454449,Chennai,Financial,0,0,0,0,1,0,0,0,0,2,1,4,3,3,0,0,4,2
2021,387601,Delhi,Financial,1,0,0,0,0,0,0,0,0,2,1,4,3,2,0,0,4,2
2021,407889,Lucknow,Social Media,0,0,0,0,1,0,0,0,0,1,1,4,3,2,0,0,4,2
2021,334175,Bangalore,Corporate,0,0,1,0,0,0,0,0,0,1,1,4,3,1,0,0,4,2
2021,431596,Ahmedabad,Educational,0,0,0,1,0,0,0,0,0,1,1,3,3,1,0,0,4,2
2021,317759,Kolkata,E-commerce,0,0,0,0,0,0,0,1,0,1,1,3,2,1,0,0,4,2
2021,173307,Delhi,Corporate,0,0,1,0,0,0,0,0,0,1,1,3,2,1,0,0,3,2
2021,69619,Hyderabad,Personal,0,0,0,1,0,0,0,0,0,1,1,2,2,1,0,0,3,2
2021,96673,Ahmedabad,Corporate,1,0,0,0,0,0,0,0,0,1,1,2,1,1,0,0,3,2
2021,419827,Delhi,Personal,0,0,0,1,0,0,0,0,0,0,1,2,1,1,0,0,3,2
2021,324356,Bangalore,Health,0,0,0,0,0,0,0,0,1,0,1,2,0,1,0,0,3,2
2021,316507,Chennai,Government,0,0,1,0,0,0,0,0,0,0,1,2,0,1,0,0,3,1
2021,455179,Lucknow,Health,0,1,0,0,0,0,0,0,0,0,1,1,0,1,0,0,3,1
2021,259517,Pune,Social Media,0,0,0,0,0,0,0,1,0,0,0,1,0,1,0,0,3,1
2021,391479,Mumbai,E-commerce,0,0,0,0,1,0,0,0,0,0,0,1,0,1,0,0,2,1
2021,214277,Delhi,Government,0,0,0,0,0,0,0,1,0,0,0,1,0,0,0,0,2,1
2021,80141,Kolkata,Financial,0,0,0,0,0,0,0,1,0,0,0,1,0,0,0,0,1,1
2021,395274,Delhi,Corporate,0,0,0,0,0,0,0,0,1,0,0,1,0,0,0,0,0,1
2021,125982,Lucknow,Health,0,0,1,0,0,0,0,0,0,0,0,1,0,0,0,0,0,0
2020,32174,Pune,Health,0,1,0,0,0,0,0,0,0,21,25,20,25,22,19,7,35,30
2020,194021,Pune,Government,0,0,0,1,0,0,0,0,0,21,24,20,25,22,19,7,35,30
2020,291116,Mumbai,Financial,0,0,0,0,1,0,0,0,0,21,24,20,24,22,19,7,35,30
2020,80537,Mumbai,Financial,0,0,0,0,1,0,0,0,0,21,24,20,24,21,19,7,35,30
2020,163932,Lucknow,Government,1,0,0,0,0,0,0,0,0,21,24,20,24,20,19,7,35,30
2020,77373,Jaipur,Social Media,0,0,0,1,0,0,0,0,0,20,24,20,24,20,19,7,35,30
2020,89204,Lucknow,Social Media,0,0,0,0,1,0,0,0,0,20,24,20,23,20,19,7,35,30
2020,105931,Mumbai,Financial,0,0,0,0,1,0,0,0,0,20,24,20,23,19,19,7,35,30
2020,302207,Pune,Government,1,0,0,0,0,0,0,0,0,20,24,20,23,18,19,7,35,30
2020,495509,Bangalore,Personal,0,0,0,1,0,0,0,0,0,19,24,20,23,18,19,7,35,30
2020,200627,Mumbai,Financial,0,0,0,0,0,0,0,1,0,19,24,20,22,18,19,7,35,30
2020,147323,Kolkata,Personal,0,0,0,0,1,0,0,0,0,19,24,20,22,18,19,7,34,30
2020,86958,Mumbai,Financial,0,0,0,0,0,0,1,0,0,19,24,20,22,17,19,7,34,30
2020,322333,Delhi,Personal,0,1,0,0,0,0,0,0,0,19,24,20,22,17,19,6,34,30
2020,289107,Chennai,Corporate,0,0,0,1,0,0,0,0,0,19,23,20,22,17,19,6,34,30
2020,155249,Ahmedabad,Health,0,0,0,1,0,0,0,0,0,19,23,20,21,17,19,6,34,30
2020,287166,Hyderabad,Social Media,0,0,0,0,0,0,0,1,0,19,23,20,20,17,19,6,34,30
2020,239260,Lucknow,Health,0,0,0,0,0,0,0,0,1,19,23,20,20,17,19,6,33,30
2020,212153,Mumbai,Financial,0,0,0,0,0,0,0,1,0,19,23,20,20,17,19,6,33,29
2020,76503,Mumbai,Financial,0,0,0,0,0,0,0,0,1,19,23,20,20,17,19,6,32,29
2020,296016,Mumbai,Financial,0,0,0,0,0,1,0,0,0,19,23,20,20,17,19,6,32,28
2020,80083,Kolkata,Government,0,1,0,0,0,0,0,0,0,19,23,20,20,17,18,6,32,28
2020,367040,Chennai,Health,0,0,0,1,0,0,0,0,0,19,22,20,20,17,18,6,32,28
2020,24312,Ahmedabad,Health,0,0,0,0,0,0,0,0,1,19,22,20,19,17,18,6,32,28
2020,116142,Mumbai,Corporate,1,0,0,0,0,0,0,0,0,19,22,20,19,17,18,6,32,27
2020,439566,Delhi,Financial,0,1,0,0,0,0,0,0,0,18,22,20,19,17,18,6,32,27
2020,129803,Pune,Government,0,0,0,0,0,0,0,1,0,18,21,20,19,17,18,6,32,27
2020,428387,Pune,Health,0,0,0,0,0,0,0,0,1,18,21,20,19,17,18,6,31,27
2020,246900,Delhi,E-commerce,0,0,0,0,0,0,0,1,0,18,21,20,19,17,18,6,31,26
2020,92736,Kolkata,Educational,0,0,0,0,1,0,0,0,0,18,21,20,19,17,18,6,30,26
2020,137509,Mumbai,Financial,0,0,0,0,0,1,0,0,0,18,21,20,19,16,18,6,30,26
2020,275555,Kolkata,E-commerce,0,0,0,1,0,0,0,0,0,18,21,20,19,16,17,6,30,26
2020,4726,Hyderabad,Health,0,0,0,0,0,0,0,0,1,18,21,20,18,16,17,6,30,26
2020,101465,Mumbai,Financial,0,0,0,0,0,1,0,0,0,18,21,20,18,16,17,6,30,25
2020,273725,Mumbai,Financial,0,0,0,0,0,1,0,0,0,18,21,20,18,16,16,6,30,25
2020,185277,Mumbai,Financial,0,0,0,0,0,1,0,0,0,18,21,20,18,16,15,6,30,25
2020,49630,Mumbai,Financial,0,0,0,0,1,0,0,0,0,18,21,20,18,16,14,6,30,25
2020,209786,Chennai,Personal,1,0,0,0,0,0,0,0,0,18,21,20,18,15,14,6,30,25
2020,36643,Lucknow,Social Media,0,0,0,0,0,1,0,0,0,17,21,20,18,15,14,6,30,25
2020,211612,Mumbai,Financial,0,0,0,0,0,0,1,0,0,17,21,20,18,15,13,6,30,25
2020,334373,Delhi,Social Media,0,1,0,0,0,0,0,0,0,17,21,20,18,15,13,5,30,25
2020,26901,Mumbai,Financial,0,0,0,0,0,0,0,1,0,17,20,20,18,15,13,5,30,25
2020,54551,Bangalore,Health,0,1,0,0,0,0,0,0,0,17,20,20,18,15,13,5,29,25
2020,32585,Mumbai,Government,0,0,0,0,0,0,0,1,0,17,19,20,18,15,13,5,29,25
2020,152596,Mumbai,Financial,0,0,0,0,0,0,0,0,1,17,19,20,18,15,13,5,28,25
2020,405772,Delhi,Social Media,1,0,0,0,0,0,0,0,0,17,19,20,18,15,13,5,28,24
2020,162994,Mumbai,Financial,0,0,0,0,0,0,1,0,0,16,19,20,18,15,13,5,28,24
2020,311512,Jaipur,Social Media,0,0,0,0,0,1,0,0,0,16,19,20,18,15,13,4,28,24
2020,371321,Jaipur,Social Media,0,0,0,0,0,0,0,1,0,16,19,20,18,15,12,4,28,24
2020,11749,Lucknow,E-commerce,0,1,0,0,0,0,0,0,0,16,19,20,18,15,12,4,27,24
2020,190420,Pune,Corporate,0,0,0,0,0,1,0,0,0,16,18,20,18,15,12,4,27,24
2020,427390,Lucknow,Corporate,0,0,0,0,1,0,0,0,0,16,18,20,18,15,11,4,27,24
2020,327250,Chennai,Health,1,0,0,0,0,0,0,0,0,16,18,20,18,14,11,4,27,24
2020,300631,Mumbai,Social Media,0,0,0,0,0,0,0,0,1,15,18,20,18,14,11,4,27,24
2020,178914,Mumbai,Financial,0,0,0,0,0,0,0,1,0,15,18,20,18,14,11,4,27,23
2020,204502,Ahmedabad,Social Media,0,1,0,0,0,0,0,0,0,15,18,20,18,14,11,4,26,23
2020,85611,Mumbai,Financial,0,0,0,0,0,0,0,1,0,15,17,20,18,14,11,4,26,23
2020,233189,Mumbai,Financial,0,0,0,0,0,0,0,1,0,15,17,20,18,14,11,4,25,23
2020,146128,Jaipur,Personal,1,0,0,0,0,0,0,0,0,15,17,20,18,14,11,4,24,23
2020,291524,Delhi,Social Media,1,0,0,0,0,0,0,0,0,14,17,20,18,14,11,4,24,23
2020,59487,Mumbai,Financial,0,0,0,0,0,1,0,0,0,13,17,20,18,14,11,4,24,23
2020,60182,Lucknow,Personal,0,0,0,1,0,0,0,0,0,13,17,20,18,14,10,4,24,23
2020,116765,Mumbai,Financial,0,0,0,0,0,0,0,0,1,13,17,20,17,14,10,4,24,23
2020,39326,Mumbai,Financial,0,0,0,0,0,1,0,0,0,13,17,20,17,14,10,4,24,22
2020,399992,Mumbai,Corporate,0,0,0,0,0,0,0,1,0,13,17,20,17,14,9,4,24,22
2020,287053,Mumbai,Financial,0,0,0,0,0,0,1,0,0,13,17,20,17,14,9,4,23,22
2020,48172,Mumbai,Financial,0,0,0,0,0,0,0,1,0,13,17,20,17,14,9,3,23,22
2020,64440,Mumbai,Financial,0,0,0,0,0,0,0,0,1,13,17,20,17,14,9,3,22,22
2020,288239,Mumbai,Financial,0,0,0,0,1,0,0,0,0,13,17,20,17,14,9,3,22,21
2020,275987,Mumbai,Financial,0,0,0,0,1,0,0,0,0,13,17,20,17,13,9,3,22,21
2020,271723,Mumbai,Financial,0,0,0,0,0,0,0,0,1,13,17,20,17,12,9,3,22,21
2020,494158,Hyderabad,Social Media,0,0,1,0,0,0,0,0,0,13,17,20,17,12,9,3,22,20
2020,259230,Jaipur,Health,0,0,0,0,0,0,0,0,1,13,17,19,17,12,9,3,22,20
2020,175668,Pune,Corporate,0,0,0,0,0,0,0,1,0,13,17,19,17,12,9,3,22,19
2020,13855,Mumbai,Financial,0,0,0,0,0,0,0,0,1,13,17,19,17,12,9,3,21,19
2020,27990,Mumbai,Financial,0,0,0,0,1,0,0,0,0,13,17,19,17,12,9,3,21,18
2020,322497,Delhi,Educational,0,1,0,0,0,0,0,0,0,13,17,19,17,11,9,3,21,18
2020,483238,Hyderabad,Corporate,0,1,0,0,0,0,0,0,0,13,16,19,17,11,9,3,21,18
2020,60645,Mumbai,Financial,0,0,0,0,1,0,0,0,0,13,15,19,17,11,9,3,21,18
2020,43057,Mumbai,Financial,0,0,0,0,1,0,0,0,0,13,15,19,17,10,9,3,21,18
2020,171182,Pune,Personal,0,1,0,0,0,0,0,0,0,13,15,19,17,9,9,3,21,18
2020,38154,Mumbai,Financial,0,0,0,0,0,0,1,0,0,13,14,19,17,9,9,3,21,18
2020,17052,Kolkata,Educational,0,0,0,1,0,0,0,0,0,13,14,19,17,9,9,2,21,18
2020,423950,Jaipur,Financial,0,0,0,1,0,0,0,0,0,13,14,19,16,9,9,2,21,18
2020,67026,Mumbai,Financial,0,0,0,0,0,0,1,0,0,13,14,19,15,9,9,2,21,18
2020,176211,Ahmedabad,Educational,0,0,0,0,0,0,0,1,0,13,14,19,15,9,9,1,21,18
2020,43403,Mumbai,Financial,0,0,0,0,0,0,0,1,0,13,14,19,15,9,9,1,20,18
2020,377158,Lucknow,Health,0,0,0,0,0,1,0,0,0,13,14,19,15,9,9,1,19,18
2020,424243,Hyderabad,Corporate,1,0,0,0,0,0,0,0,0,13,14,19,15,9,8,1,19,18
2020,217047,Mumbai,Financial,0,0,0,0,0,0,0,0,1,12,14,19,15,9,8,1,19,18
2020,231662,Ahmedabad,Government,0,0,1,0,0,0,0,0,0,12,14,19,15,9,8,1,19,17
2020,213781,Hyderabad,Government,0,0,1,0,0,0,0,0,0,12,14,18,15,9,8,1,19,17
2020,208440,Mumbai,Financial,0,0,0,0,0,0,0,0,1,12,14,17,15,9,8,1,19,17
2020,124351,Mumbai,Financial,0,0,0,0,1,0,0,0,0,12,14,17,15,9,8,1,19,16
2020,258368,Jaipur,Financial,0,0,1,0,0,0,0,0,0,12,14,17,15,8,8,1,19,16
2020,404850,Bangalore,Social Media,1,0,0,0,0,0,0,0,0,12,14,16,15,8,8,1,19,16
2020,137072,Mumbai,Financial,0,0,0,0,0,0,1,0,0,11,14,16,15,8,8,1,19,16
2020,454105,Chennai,Government,0,0,0,0,0,0,0,1,0,11,14,16,15,8,8,0,19,16
2020,191546,Delhi,E-commerce,0,1,0,0,0,0,0,0,0,11,14,16,15,8,8,0,18,16
2020,280922,Delhi,Health,0,0,0,1,0,0,0,0,0,11,13,16,15,8,8,0,18,16
2020,230189,Delhi,Corporate,1,0,0,0,0,0,0,0,0,11,13,16,14,8,8,0,18,16
2020,64133,Pune,Health,1,0,0,0,0,0,0,0,0,10,13,16,14,8,8,0,18,16
2020,155268,Jaipur,Health,0,0,0,0,0,0,0,1,0,9,13,16,14,8,8,0,18,16
2020,276813,Mumbai,Personal,0,1,0,0,0,0,0,0,0,9,13,16,14,8,8,0,17,16
2020,246198,Mumbai,Social Media,0,1,0,0,0,0,0,0,0,9,12,16,14,8,8,0,17,16
2020,170631,Hyderabad,Health,0,1,0,0,0,0,0,0,0,9,11,16,14,8,8,0,17,16
2020,387542,Ahmedabad,Social Media,0,0,0,0,0,0,0,1,0,9,10,16,14,8,8,0,17,16
2020,437624,Hyderabad,Health,0,0,0,1,0,0,0,0,0,9,10,16,14,8,8,0,16,16
2020,111677,Lucknow,E-commerce,0,0,0,0,0,0,0,0,1,9,10,16,13,8,8,0,16,16
2020,247958,Lucknow,Educational,0,0,0,1,0,0,0,0,0,9,10,16,13,8,8,0,16,15
2020,25826,Delhi,Financial,0,0,1,0,0,0,0,0,0,9,10,16,12,8,8,0,16,15
2020,165053,Jaipur,Personal,0,0,0,0,1,0,0,0,0,9,10,15,12,8,8,0,16,15
2020,446346,Chennai,E-commerce,0,0,0,1,0,0,0,0,0,9,10,15,12,7,8,0,16,15
2020,204981,Delhi,Educational,0,0,1,0,0,0,0,0,0,9,10,15,11,7,8,0,16,15
2020,105211,Jaipur,Health,0,0,0,0,0,0,0,0,1,9,10,14,11,7,8,0,16,15
2020,187321,Pune,Health,0,0,1,0,0,0,0,0,0,9,10,14,11,7,8,0,16,14
2020,293231,Chennai,Corporate,0,0,0,0,1,0,0,0,0,9,10,13,11,7,8,0,16,14
2020,178235,Kolkata,Health,0,0,0,0,0,1,0,0,0,9,10,13,11,6,8,0,16,14
2020,337664,Chennai,Financial,0,0,0,0,0,0,0,1,0,9,10,13,11,6,7,0,16,14
2020,349619,Delhi,E-commerce,0,0,0,1,0,0,0,0,0,9,10,13,11,6,7,0,15,14
2020,99511,Lucknow,Social Media,0,0,1,0,0,0,0,0,0,9,10,13,10,6,7,0,15,14
2020,258437,Bangalore,E-commerce,0,0,1,0,0,0,0,0,0,9,10,12,10,6,7,0,15,14
2020,449625,Hyderabad,Social Media,0,0,1,0,0,0,0,0,0,9,10,11,10,6,7,0,15,14
2020,69008,Hyderabad,Social Media,0,1,0,0,0,0,0,0,0,9,10,10,10,6,7,0,15,14
2020,224224,Pune,Health,1,0,0,0,0,0,0,0,0,9,9,10,10,6,7,0,15,14
2020,213112,Kolkata,Personal,0,0,0,1,0,0,0,0,0,8,9,10,10,6,7,0,15,14
2020,46033,Ahmedabad,Financial,0,1,0,0,0,0,0,0,0,8,9,10,9,6,7,0,15,14
2020,122863,Chennai,Personal,0,0,0,0,0,0,0,0,1,8,8,10,9,6,7,0,15,14
2020,12138,Mumbai,Personal,0,0,0,0,0,1,0,0,0,8,8,10,9,6,7,0,15,13
2020,477027,Chennai,Educational,1,0,0,0,0,0,0,0,0,8,8,10,9,6,6,0,15,13
2020,218285,Bangalore,Health,0,0,1,0,0,0,0,0,0,7,8,10,9,6,6,0,15,13
2020,30301,Jaipur,Educational,0,0,0,0,0,0,0,1,0,7,8,9,9,6,6,0,15,13
2020,187994,Bangalore,Corporate,0,0,0,0,0,0,0,0,1,7,8,9,9,6,6,0,14,13
2020,103747,Pune,Corporate,0,0,0,0,1,0,0,0,0,7,8,9,9,6,6,0,14,12
2020,20169,Bangalore,Social Media,0,0,1,0,0,0,0,0,0,7,8,9,9,5,6,0,14,12
2020,344581,Lucknow,Social Media,0,0,1,0,0,0,0,0,0,7,8,8,9,5,6,0,14,12
2020,268926,Delhi,E-commerce,0,0,0,0,0,0,0,0,1,7,8,7,9,5,6,0,14,12
2020,220249,Ahmedabad,Government,0,0,0,0,0,1,0,0,0,7,8,7,9,5,6,0,14,11
2020,216400,Hyderabad,E-commerce,0,0,0,0,1,0,0,0,0,7,8,7,9,5,5,0,14,11
2020,309623,Ahmedabad,Social Media,0,0,0,1,0,0,0,0,0,7,8,7,9,4,5,0,14,11
2020,52047,Mumbai,Educational,0,0,0,0,0,1,0,0,0,7,8,7,8,4,5,0,14,11
2020,390954,Kolkata,Government,0,1,0,0,0,0,0,0,0,7,8,7,8,4,4,0,14,11
2020,334770,Ahmedabad,E-commerce,0,0,1,0,0,0,0,0,0,7,7,7,8,4,4,0,14,11
2020,421640,Lucknow,E-commerce,1,0,0,0,0,0,0,0,0,7,7,6,8,4,4,0,14,11
2020,19073,Kolkata,Government,0,0,0,1,0,0,0,0,0,6,7,6,8,4,4,0,14,11
2020,318348,Bangalore,E-commerce,0,0,0,1,0,0,0,0,0,6,7,6,7,4,4,0,14,11
2020,50153,Bangalore,Financial,0,0,0,0,0,0,0,1,0,6,7,6,6,4,4,0,14,11
2020,273670,Hyderabad,E-commerce,0,0,0,0,0,0,0,1,0,6,7,6,6,4,4,0,13,11
2020,299090,Chennai,Educational,0,0,0,0,0,0,0,0,1,6,7,6,6,4,4,0,12,11
2020,11382,Chennai,Personal,0,0,0,0,0,0,0,0,1,6,7,6,6,4,4,0,12,10
2020,216048,Jaipur,Social Media,0,1,0,0,0,0,0,0,0,6,7,6,6,4,4,0,12,9
2020,370947,Lucknow,Educational,1,0,0,0,0,0,0,0,0,6,6,6,6,4,4,0,12,9
2020,489533,Chennai,Personal,1,0,0,0,0,0,0,0,0,5,6,6,6,4,4,0,12,9
2020,243997,Bangalore,Financial,0,0,1,0,0,0,0,0,0,4,6,6,6,4,4,0,12,9
2020,2969,Jaipur,Personal,1,0,0,0,0,0,0,0,0,4,6,5,6,4,4,0,12,9
2020,102520,Ahmedabad,Social Media,0,0,0,0,1,0,0,0,0,3,6,5,6,4,4,0,12,9
2020,117492,Chennai,Health,0,0,0,0,1,0,0,0,0,3,6,5,6,3,4,0,12,9
2020,408426,Bangalore,E-commerce,0,0,0,0,0,0,0,0,1,3,6,5,6,2,4,0,12,9
2020,444547,Kolkata,Educational,0,0,0,0,0,0,0,1,0,3,6,5,6,2,4,0,12,8
2020,340375,Chennai,Corporate,1,0,0,0,0,0,0,0,0,3,6,5,6,2,4,0,11,8
2020,261116,Delhi,Personal,0,0,0,0,0,1,0,0,0,2,6,5,6,2,4,0,11,8
2020,482916,Ahmedabad,E-commerce,1,0,0,0,0,0,0,0,0,2,6,5,6,2,3,0,11,8
2020,426333,Ahmedabad,Educational,0,0,0,0,0,0,0,1,0,1,6,5,6,2,3,0,11,8
2020,389076,Pune,Personal,0,0,0,0,0,0,0,0,1,1,6,5,6,2,3,0,10,8
2020,472082,Delhi,E-commerce,0,0,0,0,0,0,0,1,0,1,6,5,6,2,3,0,10,7
2020,95018,Bangalore,Social Media,0,1,0,0,0,0,0,0,0,1,6,5,6,2,3,0,9,7
2020,235555,Ahmedabad,Corporate,0,0,0,1,0,0,0,0,0,1,5,5,6,2,3,0,9,7
2020,201422,Hyderabad,Social Media,0,0,0,0,0,0,0,1,0,1,5,5,5,2,3,0,9,7
2020,328252,Chennai,Financial,0,0,0,1,0,0,0,0,0,1,5,5,5,2,3,0,8,7
2020,423975,Jaipur,Corporate,0,0,0,0,0,0,0,1,0,1,5,5,4,2,3,0,8,7
2020,252537,Jaipur,Government,0,0,0,0,0,0,0,1,0,1,5,5,4,2,3,0,7,7
2020,104409,Jaipur,Corporate,0,0,0,0,0,1,0,0,0,1,5,5,4,2,3,0,6,7
2020,162087,Ahmedabad,Government,0,0,0,0,0,0,0,1,0,1,5,5,4,2,2,0,6,7
2020,205456,Jaipur,Social Media,1,0,0,0,0,0,0,0,0,1,5,5,4,2,2,0,5,7
2020,362448,Jaipur,Educational,0,0,0,1,0,0,0,0,0,0,5,5,4,2,2,0,5,7
2020,158661,Ahmedabad,Health,0,1,0,0,0,0,0,0,0,0,5,5,3,2,2,0,5,7
2020,452000,Pune,Health,0,0,0,0,0,1,0,0,0,0,4,5,3,2,2,0,5,7
2020,499172,Bangalore,E-commerce,0,0,0,0,0,0,0,0,1,0,4,5,3,2,1,0,5,7
2020,206768,Kolkata,Government,0,0,0,0,1,0,0,0,0,0,4,5,3,2,1,0,5,6
2020,93578,Pune,Health,0,0,0,0,0,0,0,1,0,0,4,5,3,1,1,0,5,6
2020,157104,Hyderabad,E-commerce,0,0,0,1,0,0,0,0,0,0,4,5,3,1,1,0,4,6
2020,29141,Chennai,Health,0,0,0,0,0,0,0,0,1,0,4,5,2,1,1,0,4,6
2020,318243,Pune,E-commerce,0,0,1,0,0,0,0,0,0,0,4,5,2,1,1,0,4,5
2020,463785,Kolkata,Educational,0,0,1,0,0,0,0,0,0,0,4,4,2,1,1,0,4,5
2020,194118,Mumbai,Educational,0,1,0,0,0,0,0,0,0,0,4,3,2,1,1,0,4,5
2020,115994,Chennai,Government,0,0,0,0,0,0,0,0,1,0,3,3,2,1,1,0,4,5
2020,205451,Kolkata,Educational,0,0,0,0,0,0,0,1,0,0,3,3,2,1,1,0,4,4
2020,203380,Chennai,Educational,0,0,0,0,0,0,0,0,1,0,3,3,2,1,1,0,3,4
2020,249289,Mumbai,Health,0,1,0,0,0,0,0,0,0,0,3,3,2,1,1,0,3,3
2020,246127,Mumbai,Personal,0,0,1,0,0,0,0,0,0,0,2,3,2,1,1,0,3,3
2020,364412,Jaipur,Government,0,0,0,0,1,0,0,0,0,0,2,2,2,1,1,0,3,3
2020,229071,Kolkata,Educational,0,0,0,1,0,0,0,0,0,0,2,2,2,0,1,0,3,3
2020,32822,Jaipur,Social Media,0,0,1,0,0,0,0,0,0,0,2,2,1,0,1,0,3,3
2020,159056,Mumbai,Educational,0,0,0,0,0,1,0,0,0,0,2,1,1,0,1,0,3,3
2020,310199,Lucknow,Health,0,1,0,0,0,0,0,0,0,0,2,1,1,0,0,0,3,3
2020,69388,Chennai,Government,0,0,0,0,0,0,0,0,1,0,1,1,1,0,0,0,3,3
2020,244341,Lucknow,Financial,0,0,0,1,0,0,0,0,0,0,1,1,1,0,0,0,3,2
2020,99317,Lucknow,Government,0,0,0,0,0,0,0,1,0,0,1,1,0,0,0,0,3,2
2020,12871,Ahmedabad,Educational,0,0,1,0,0,0,0,0,0,0,1,1,0,0,0,0,2,2
2020,346453,Ahmedabad,Health,0,0,0,0,0,0,0,0,1,0,1,0,0,0,0,0,2,2
2020,344715,Lucknow,Corporate,0,0,0,0,0,0,0,1,0,0,1,0,0,0,0,0,2,1
2020,133632,Bangalore,Corporate,0,0,0,0,0,0,0,0,1,0,1,0,0,0,0,0,1,1
2020,157498,Ahmedabad,Corporate,0,1,0,0,0,0,0,0,0,0,1,0,0,0,0,0,1,0
2020,342292,Delhi,Health,0,0,0,0,0,0,0,1,0,0,0,0,0,0,0,0,1,0
2019,128118,Delhi,Personal,0,0,0,0,0,1,0,0,0,15,23,27,19,28,22,0,21,26
2019,213133,Delhi,Government,0,0,0,0,0,0,0,1,0,15,23,27,19,28,21,0,21,26
2019,57985,Pune,Corporate,0,0,0,0,0,0,0,0,1,15,23,27,19,28,21,0,20,26
2019,268253,Pune,Financial,0,1,0,0,0,0,0,0,0,15,23,27,19,28,21,0,20,25
2019,155470,Hyderabad,Financial,0,0,0,0,0,1,0,0,0,15,22,27,19,28,21,0,20,25
2019,10078,Mumbai,Social Media,0,0,0,0,0,0,0,0,1,15,22,27,19,28,20,0,20,25
2019,109737,Ahmedabad,Social Media,0,0,0,0,0,0,0,1,0,15,22,27,19,28,20,0,20,24
2019,48837,Mumbai,Social Media,1,0,0,0,0,0,0,0,0,15,22,27,19,28,20,0,19,24
2019,375504,Bangalore,E-commerce,0,0,0,0,0,1,0,0,0,14,22,27,19,28,20,0,19,24
2019,163962,Pune,Health,0,0,0,1,0,0,0,0,0,14,22,27,19,28,19,0,19,24
2019,82941,Mumbai,Health,0,0,0,1,0,0,0,0,0,14,22,27,18,28,19,0,19,24
2019,255346,Mumbai,Health,0,0,0,0,1,0,0,0,0,14,22,27,17,28,19,0,19,24
2019,283725,Ahmedabad,Financial,0,0,0,0,1,0,0,0,0,14,22,27,17,27,19,0,19,24
2019,230834,Ahmedabad,Personal,0,0,0,0,0,0,0,1,0,14,22,27,17,26,19,0,19,24
2019,447841,Mumbai,E-commerce,0,0,0,0,0,1,0,0,0,14,22,27,17,26,19,0,18,24
2019,407845,Lucknow,Health,0,1,0,0,0,0,0,0,0,14,22,27,17,26,18,0,18,24
2019,365359,Delhi,Social Media,0,1,0,0,0,0,0,0,0,14,21,27,17,26,18,0,18,24
2019,192184,Kolkata,Educational,0,0,0,0,1,0,0,0,0,14,20,27,17,26,18,0,18,24
2019,161081,Jaipur,Personal,0,0,0,1,0,0,0,0,0,14,20,27,17,25,18,0,18,24
2019,261550,Pune,Health,0,0,0,0,0,0,0,1,0,14,20,27,16,25,18,0,18,24
2019,237293,Ahmedabad,E-commerce,0,1,0,0,0,0,0,0,0,14,20,27,16,25,18,0,17,24
2019,444002,Chennai,Government,0,1,0,0,0,0,0,0,0,14,19,27,16,25,18,0,17,24
2019,23431,Lucknow,Government,0,1,0,0,0,0,0,0,0,14,18,27,16,25,18,0,17,24
2019,320804,Lucknow,E-commerce,0,0,0,1,0,0,0,0,0,14,17,27,16,25,18,0,17,24
2019,230465,Pune,Corporate,1,0,0,0,0,0,0,0,0,14,17,27,15,25,18,0,17,24
2019,494166,Jaipur,Personal,0,0,0,0,0,0,0,0,1,13,17,27,15,25,18,0,17,24
2019,283193,Kolkata,Health,0,0,0,0,1,0,0,0,0,13,17,27,15,25,18,0,17,23
2019,49320,Hyderabad,Social Media,0,0,0,0,0,1,0,0,0,13,17,27,15,24,18,0,17,23
2019,40062,Pune,Financial,0,0,1,0,0,0,0,0,0,13,17,27,15,24,17,0,17,23
2019,472347,Mumbai,Social Media,1,0,0,0,0,0,0,0,0,13,17,26,15,24,17,0,17,23
2019,306897,Chennai,Financial,0,0,1,0,0,0,0,0,0,12,17,26,15,24,17,0,17,23
2019,494948,Pune,Personal,0,1,0,0,0,0,0,0,0,12,17,25,15,24,17,0,17,23
2019,336938,Jaipur,Educational,1,0,0,0,0,0,0,0,0,12,16,25,15,24,17,0,17,23
2019,166575,Hyderabad,Social Media,0,0,1,0,0,0,0,0,0,11,16,25,15,24,17,0,17,23
2019,126703,Delhi,E-commerce,0,0,0,0,0,0,0,0,1,11,16,24,15,24,17,0,17,23
2019,273900,Ahmedabad,Corporate,0,0,1,0,0,0,0,0,0,11,16,24,15,24,17,0,17,22
2019,423587,Delhi,E-commerce,0,0,0,0,0,0,0,0,1,11,16,23,15,24,17,0,17,22
2019,202659,Bangalore,Social Media,0,0,1,0,0,0,0,0,0,11,16,23,15,24,17,0,17,21
2019,441630,Kolkata,Financial,0,0,0,0,0,1,0,0,0,11,16,22,15,24,17,0,17,21
2019,497758,Pune,Educational,0,0,0,0,1,0,0,0,0,11,16,22,15,24,16,0,17,21
2019,287233,Pune,Financial,0,0,1,0,0,0,0,0,0,11,16,22,15,23,16,0,17,21
2019,373592,Bangalore,Personal,0,0,0,0,1,0,0,0,0,11,16,21,15,23,16,0,17,21
2019,431424,Kolkata,Personal,0,0,0,0,1,0,0,0,0,11,16,21,15,22,16,0,17,21
2019,411841,Bangalore,Health,0,0,0,0,0,1,0,0,0,11,16,21,15,21,16,0,17,21
2019,311748,Bangalore,Health,0,0,0,1,0,0,0,0,0,11,16,21,15,21,15,0,17,21
2019,332054,Hyderabad,Government,0,0,0,0,1,0,0,0,0,11,16,21,14,21,15,0,17,21
2019,26592,Chennai,Social Media,0,0,0,0,0,0,0,1,0,11,16,21,14,20,15,0,17,21
2019,7570,Delhi,Educational,0,0,0,0,0,0,0,0,1,11,16,21,14,20,15,0,16,21
2019,120264,Jaipur,Personal,0,0,0,0,1,0,0,0,0,11,16,21,14,20,15,0,16,20
2019,27155,Bangalore,Educational,0,0,0,0,0,0,0,0,1,11,16,21,14,19,15,0,16,20
2019,150381,Ahmedabad,Personal,0,0,0,0,0,1,0,0,0,11,16,21,14,19,15,0,16,19
2019,132691,Ahmedabad,Educational,0,0,1,0,0,0,0,0,0,11,16,21,14,19,14,0,16,19
2019,384381,Ahmedabad,Corporate,0,0,1,0,0,0,0,0,0,11,16,20,14,19,14,0,16,19
2019,218029,Delhi,E-commerce,0,0,0,0,0,1,0,0,0,11,16,19,14,19,14,0,16,19
2019,145467,Delhi,Educational,0,1,0,0,0,0,0,0,0,11,16,19,14,19,13,0,16,19
2019,19752,Delhi,Corporate,0,0,0,0,0,0,0,0,1,11,15,19,14,19,13,0,16,19
2019,235554,Jaipur,E-commerce,0,0,0,1,0,0,0,0,0,11,15,19,14,19,13,0,16,18
2019,161928,Hyderabad,Corporate,0,0,0,0,0,0,0,0,1,11,15,19,13,19,13,0,16,18
2019,249500,Pune,Health,1,0,0,0,0,0,0,0,0,11,15,19,13,19,13,0,16,17
2019,167129,Bangalore,E-commerce,0,0,0,0,0,0,0,1,0,10,15,19,13,19,13,0,16,17
2019,257911,Lucknow,Social Media,0,0,1,0,0,0,0,0,0,10,15,19,13,19,13,0,15,17
2019,121030,Kolkata,Social Media,1,0,0,0,0,0,0,0,0,10,15,18,13,19,13,0,15,17
2019,263351,Hyderabad,Corporate,0,0,0,0,0,0,0,1,0,9,15,18,13,19,13,0,15,17
2019,301611,Chennai,Social Media,0,0,0,0,0,0,0,0,1,9,15,18,13,19,13,0,14,17
2019,473132,Pune,Corporate,0,0,0,1,0,0,0,0,0,9,15,18,13,19,13,0,14,16
2019,393136,Mumbai,Educational,0,0,0,0,1,0,0,0,0,9,15,18,12,19,13,0,14,16
2019,156683,Kolkata,Educational,0,0,0,0,1,0,0,0,0,9,15,18,12,18,13,0,14,16
2019,80973,Delhi,Government,0,1,0,0,0,0,0,0,0,9,15,18,12,17,13,0,14,16
2019,212830,Kolkata,Corporate,0,1,0,0,0,0,0,0,0,9,14,18,12,17,13,0,14,16
2019,43668,Ahmedabad,Health,0,0,0,0,0,0,0,0,1,9,13,18,12,17,13,0,14,16
2019,415891,Bangalore,Educational,0,1,0,0,0,0,0,0,0,9,13,18,12,17,13,0,14,15
2019,226049,Pune,Health,0,0,0,0,1,0,0,0,0,9,12,18,12,17,13,0,14,15
2019,13149,Hyderabad,Personal,0,0,1,0,0,0,0,0,0,9,12,18,12,16,13,0,14,15
2019,32348,Ahmedabad,Corporate,0,0,0,0,0,1,0,0,0,9,12,17,12,16,13,0,14,15
2019,64646,Hyderabad,E-commerce,0,0,0,0,0,1,0,0,0,9,12,17,12,16,12,0,14,15
2019,258681,Jaipur,Government,0,0,0,1,0,0,0,0,0,9,12,17,12,16,11,0,14,15
2019,47819,Kolkata,E-commerce,0,0,0,0,0,1,0,0,0,9,12,17,11,16,11,0,14,15
2019,232513,Chennai,Government,0,0,0,0,0,1,0,0,0,9,12,17,11,16,10,0,14,15
2019,174724,Hyderabad,E-commerce,0,0,0,0,0,0,0,1,0,9,12,17,11,16,9,0,14,15
2019,168450,Mumbai,Health,0,0,0,0,0,0,0,1,0,9,12,17,11,16,9,0,13,15
2019,487516,Chennai,Health,0,1,0,0,0,0,0,0,0,9,12,17,11,16,9,0,12,15
2019,309557,Hyderabad,Social Media,0,0,0,0,0,0,0,0,1,9,11,17,11,16,9,0,12,15
2019,441097,Pune,Government,0,0,0,1,0,0,0,0,0,9,11,17,11,16,9,0,12,14
2019,220861,Kolkata,Corporate,0,1,0,0,0,0,0,0,0,9,11,17,10,16,9,0,12,14
2019,356824,Jaipur,E-commerce,0,0,0,0,0,0,0,1,0,9,10,17,10,16,9,0,12,14
2019,226160,Bangalore,Health,1,0,0,0,0,0,0,0,0,9,10,17,10,16,9,0,11,14
2019,38384,Jaipur,Government,0,0,0,0,0,0,0,0,1,8,10,17,10,16,9,0,11,14
2019,6704,Chennai,Personal,0,0,1,0,0,0,0,0,0,8,10,17,10,16,9,0,11,13
2019,219008,Hyderabad,Government,0,1,0,0,0,0,0,0,0,8,10,16,10,16,9,0,11,13
2019,247860,Mumbai,E-commerce,0,1,0,0,0,0,0,0,0,8,9,16,10,16,9,0,11,13
2019,479366,Hyderabad,Social Media,0,0,0,0,0,0,0,0,1,8,8,16,10,16,9,0,11,13
2019,343676,Pune,Personal,0,0,0,0,0,0,0,0,1,8,8,16,10,16,9,0,11,12
2019,196246,Hyderabad,Financial,0,0,1,0,0,0,0,0,0,8,8,16,10,16,9,0,11,11
2019,266856,Chennai,Educational,0,0,1,0,0,0,0,0,0,8,8,15,10,16,9,0,11,11
2019,163982,Kolkata,Social Media,0,0,0,0,0,0,0,1,0,8,8,14,10,16,9,0,11,11
2019,450042,Mumbai,Health,0,0,1,0,0,0,0,0,0,8,8,14,10,16,9,0,10,11
2019,390113,Chennai,Personal,0,0,0,0,0,1,0,0,0,8,8,13,10,16,9,0,10,11
2019,141180,Delhi,Social Media,0,0,1,0,0,0,0,0,0,8,8,13,10,16,8,0,10,11
2019,32401,Lucknow,Financial,0,0,1,0,0,0,0,0,0,8,8,12,10,16,8,0,10,11
2019,163396,Mumbai,Social Media,0,0,0,0,0,0,0,1,0,8,8,11,10,16,8,0,10,11
2019,77153,Ahmedabad,Corporate,0,0,0,0,0,0,0,0,1,8,8,11,10,16,8,0,9,11
2019,391103,Lucknow,Government,1,0,0,0,0,0,0,0,0,8,8,11,10,16,8,0,9,10
2019,233944,Delhi,Social Media,0,0,0,0,0,1,0,0,0,7,8,11,10,16,8,0,9,10
2019,93324,Kolkata,Government,0,0,0,1,0,0,0,0,0,7,8,11,10,16,7,0,9,10
2019,380504,Ahmedabad,Government,0,0,0,0,1,0,0,0,0,7,8,11,9,16,7,0,9,10
2019,58022,Delhi,Health,1,0,0,0,0,0,0,0,0,7,8,11,9,15,7,0,9,10
2019,472555,Chennai,Social Media,0,0,0,1,0,0,0,0,0,6,8,11,9,15,7,0,9,10
2019,379544,Ahmedabad,Social Media,0,0,0,0,1,0,0,0,0,6,8,11,8,15,7,0,9,10
2019,267847,Delhi,Educational,0,0,0,1,0,0,0,0,0,6,8,11,8,14,7,0,9,10
2019,197200,Lucknow,Corporate,0,0,1,0,0,0,0,0,0,6,8,11,7,14,7,0,9,10
2019,420065,Delhi,Social Media,0,0,0,0,0,0,0,0,1,6,8,10,7,14,7,0,9,10
2019,474570,Kolkata,Government,0,0,0,0,0,0,0,1,0,6,8,10,7,14,7,0,9,9
2019,183268,Hyderabad,Social Media,0,0,1,0,0,0,0,0,0,6,8,10,7,14,7,0,8,9
2019,290102,Hyderabad,Corporate,0,1,0,0,0,0,0,0,0,6,8,9,7,14,7,0,8,9
2019,20975,Kolkata,E-commerce,0,0,0,1,0,0,0,0,0,6,7,9,7,14,7,0,8,9
2019,289161,Delhi,Health,0,0,0,0,0,1,0,0,0,6,7,9,6,14,7,0,8,9
2019,250062,Kolkata,Personal,0,0,1,0,0,0,0,0,0,6,7,9,6,14,6,0,8,9
2019,497037,Ahmedabad,Government,0,0,1,0,0,0,0,0,0,6,7,8,6,14,6,0,8,9
2019,361867,Chennai,Personal,0,0,0,0,0,0,0,1,0,6,7,7,6,14,6,0,8,9
2019,437324,Bangalore,Educational,0,0,0,0,1,0,0,0,0,6,7,7,6,14,6,0,7,9
2019,98539,Lucknow,Financial,0,0,0,0,1,0,0,0,0,6,7,7,6,13,6,0,7,9
2019,155363,Delhi,E-commerce,0,0,0,0,1,0,0,0,0,6,7,7,6,12,6,0,7,9
2019,490536,Ahmedabad,Government,0,0,0,0,1,0,0,0,0,6,7,7,6,11,6,0,7,9
2019,337275,Pune,E-commerce,0,0,1,0,0,0,0,0,0,6,7,7,6,10,6,0,7,9
2019,484569,Pune,Educational,0,1,0,0,0,0,0,0,0,6,7,6,6,10,6,0,7,9
2019,114132,Kolkata,Social Media,0,0,0,0,0,0,0,1,0,6,6,6,6,10,6,0,7,9
2019,196113,Lucknow,Social Media,0,0,0,1,0,0,0,0,0,6,6,6,6,10,6,0,6,9
2019,368505,Hyderabad,Financial,0,0,1,0,0,0,0,0,0,6,6,6,5,10,6,0,6,9
2019,279226,Lucknow,Personal,0,0,1,0,0,0,0,0,0,6,6,5,5,10,6,0,6,9
2019,263805,Pune,Social Media,0,0,0,0,1,0,0,0,0,6,6,4,5,10,6,0,6,9
2019,485410,Bangalore,Personal,0,0,0,0,0,0,0,0,1,6,6,4,5,9,6,0,6,9
2019,226019,Ahmedabad,Health,0,0,0,0,0,0,0,1,0,6,6,4,5,9,6,0,6,8
2019,342705,Lucknow,Corporate,0,0,0,0,0,1,0,0,0,6,6,4,5,9,6,0,5,8
2019,105131,Hyderabad,Corporate,0,0,0,1,0,0,0,0,0,6,6,4,5,9,5,0,5,8
2019,236612,Lucknow,Personal,1,0,0,0,0,0,0,0,0,6,6,4,4,9,5,0,5,8
2019,285564,Lucknow,Social Media,0,0,0,0,1,0,0,0,0,5,6,4,4,9,5,0,5,8
2019,374966,Ahmedabad,Personal,0,0,0,0,0,1,0,0,0,5,6,4,4,8,5,0,5,8
2019,447960,Lucknow,Health,0,0,1,0,0,0,0,0,0,5,6,4,4,8,4,0,5,8
2019,132743,Jaipur,E-commerce,0,0,0,0,0,0,0,0,1,5,6,3,4,8,4,0,5,8
2019,447636,Jaipur,Government,0,1,0,0,0,0,0,0,0,5,6,3,4,8,4,0,5,7
2019,133028,Hyderabad,Personal,0,0,0,0,0,0,0,0,1,5,5,3,4,8,4,0,5,7
2019,250474,Pune,Financial,0,0,0,0,1,0,0,0,0,5,5,3,4,8,4,0,5,6
2019,158795,Chennai,Government,0,1,0,0,0,0,0,0,0,5,5,3,4,7,4,0,5,6
2019,449330,Kolkata,Personal,1,0,0,0,0,0,0,0,0,5,4,3,4,7,4,0,5,6
2019,482792,Pune,Financial,0,0,0,0,0,0,0,1,0,4,4,3,4,7,4,0,5,6
2019,381298,Hyderabad,Health,0,0,0,0,0,1,0,0,0,4,4,3,4,7,4,0,4,6
2019,184305,Ahmedabad,Corporate,0,1,0,0,0,0,0,0,0,4,4,3,4,7,3,0,4,6
2019,41461,Pune,Government,0,0,0,0,0,0,0,1,0,4,3,3,4,7,3,0,4,6
2019,294894,Pune,Social Media,0,0,0,0,0,0,0,0,1,4,3,3,4,7,3,0,3,6
2019,383729,Mumbai,Health,0,0,0,1,0,0,0,0,0,4,3,3,4,7,3,0,3,5
2019,74861,Hyderabad,Health,0,1,0,0,0,0,0,0,0,4,3,3,3,7,3,0,3,5
2019,20816,Kolkata,E-commerce,1,0,0,0,0,0,0,0,0,4,2,3,3,7,3,0,3,5
2019,229590,Jaipur,Corporate,0,1,0,0,0,0,0,0,0,3,2,3,3,7,3,0,3,5
2019,444057,Kolkata,Corporate,0,0,0,0,0,0,0,0,1,3,1,3,3,7,3,0,3,5
2019,214567,Delhi,Health,0,0,0,0,0,0,0,0,1,3,1,3,3,7,3,0,3,4
2019,458828,Ahmedabad,Health,0,0,0,0,0,1,0,0,0,3,1,3,3,7,3,0,3,3
2019,398653,Kolkata,Corporate,0,0,0,1,0,0,0,0,0,3,1,3,3,7,2,0,3,3
2019,66450,Ahmedabad,Educational,0,0,0,0,0,0,0,1,0,3,1,3,2,7,2,0,3,3
2019,346506,Jaipur,Social Media,0,0,0,0,1,0,0,0,0,3,1,3,2,7,2,0,2,3
2019,37035,Lucknow,Health,0,0,0,0,0,0,0,0,1,3,1,3,2,6,2,0,2,3
2019,39067,Hyderabad,Health,0,1,0,0,0,0,0,0,0,3,1,3,2,6,2,0,2,2
2019,450370,Lucknow,Health,0,0,0,0,1,0,0,0,0,3,0,3,2,6,2,0,2,2
2019,21609,Bangalore,Personal,0,0,0,0,0,0,0,1,0,3,0,3,2,5,2,0,2,2
2019,62367,Bangalore,Social Media,0,0,0,0,0,1,0,0,0,3,0,3,2,5,2,0,1,2
2019,327453,Chennai,Corporate,0,0,0,0,0,0,0,0,1,3,0,3,2,5,1,0,1,2
2019,360177,Bangalore,Social Media,1,0,0,0,0,0,0,0,0,3,0,3,2,5,1,0,1,1
2019,36262,Pune,Social Media,0,0,0,0,1,0,0,0,0,2,0,3,2,5,1,0,1,1
2019,184260,Jaipur,Government,0,0,0,0,1,0,0,0,0,2,0,3,2,4,1,0,1,1
2019,488804,Hyderabad,E-commerce,0,0,1,0,0,0,0,0,0,2,0,3,2,3,1,0,1,1
2019,209524,Ahmedabad,Personal,0,0,1,0,0,0,0,0,0,2,0,2,2,3,1,0,1,1
2019,140978,Mumbai,E-commerce,0,0,0,1,0,0,0,0,0,2,0,1,2,3,1,0,1,1
2019,483315,Ahmedabad,Health,0,0,0,0,0,0,0,1,0,2,0,1,1,3,1,0,1,1
2019,202207,Pune,Social Media,0,0,1,0,0,0,0,0,0,2,0,1,1,3,1,0,0,1
2019,41108,Bangalore,Social Media,0,0,0,0,0,0,0,0,1,2,0,0,1,3,1,0,0,1
2019,102459,Delhi,E-commerce,0,0,0,0,0,1,0,0,0,2,0,0,1,3,1,0,0,0
2019,238697,Lucknow,Health,0,0,0,1,0,0,0,0,0,2,0,0,1,3,0,0,0,0
2019,169757,Mumbai,Health,0,0,0,0,1,0,0,0,0,2,0,0,0,3,0,0,0,0
2019,294199,Jaipur,Health,0,0,0,0,1,0,0,0,0,2,0,0,0,2,0,0,0,0
2019,330793,Mumbai,Personal,1,0,0,0,0,0,0,0,0,2,0,0,0,1,0,0,0,0
2019,153999,Jaipur,Personal,0,0,0,0,1,0,0,0,0,1,0,0,0,1,0,0,0,0
2019,35084,Kolkata,Corporate,1,0,0,0,0,0,0,0,0,1,0,0,0,0,0,0,0,0
